Symbol,Name,Sector,Price,Price/Earnings,Dividend Yield,Earnings/Share,52 Week Low,52 Week High,Market Cap,EBITDA,Price/Sales,Price/Book,SEC Filings,Gives_Dividends
MMM,3M Company,Industrials,222.89,24.31,2.3328617,7.92,175.49,259.77,138721055226.0,9048000000.0,4.3902707,11.34,http://www.sec.gov/cgi-bin/browse-edgar?action=getcompany&CIK=MMM,Yes
AOS,A.O. Smith Corp,Industrials,60.24,27.76,1.1479592,1.7,48.925,68.39,10783419933.0,601000000.0,3.5754826,6.35,http://www.sec.gov/cgi-bin/browse-edgar?action=getcompany&CIK=AOS,Yes
ABT,Abbott Laboratories,Health Care,56.27,22.51,1.9089824,0.26,42.28,64.6,102121042306.0,5744000000.0,3.7404804,3.19,http://www.sec.gov/cgi-bin/browse-edgar?action=getcompany&CIK=ABT,Yes
ABBV,AbbVie Inc.,Health Care,108.48,19.41,2.4995599,3.29,60.05,125.86,181386347059.0,10310000000.0,6.291571,26.14,http://www.sec.gov/cgi-bin/browse-edgar?action=getcompany&CIK=ABBV,Yes
ACN,Accenture plc,Information Technology,150.51,25.47,1.7144699,5.44,114.82,162.6,98765855553.0,5643228000.0,2.604117,10.62,http://www.sec.gov/cgi-bin/browse-edgar?action=getcompany&CIK=ACN,Yes
ATVI,Activision Blizzard,Information Technology,65.83,31.8,0.43190324,1.28,38.93,74.945,52518668144.0,2704000000.0,10.59512,5.16,http://www.sec.gov/cgi-bin/browse-edgar?action=getcompany&CIK=ATVI,Yes
AYI,Acuity Brands Inc,Industrials,145.41,18.22,0.35118526,7.43,142.0,225.36,6242377704.0,587800000.0,1.7953473,3.55,http://www.sec.gov/cgi-bin/browse-edgar?action=getcompany&CIK=AYI,Yes
ADBE,Adobe Systems Inc,Information Technology,185.16,52.31,0.0,3.39,114.451,204.45,94550214268.0,2538040000.0,13.092818,11.06,http://www.sec.gov/cgi-bin/browse-edgar?action=getcompany&CIK=ADBE,No
AAP,Advance Auto Parts,Consumer Discretionary,109.63,19.54,0.21832074,6.19,78.81,169.55,8123611867.0,853941000.0,1.1301061,2.51,http://www.sec.gov/cgi-bin/browse-edgar?action=getcompany&CIK=AAP,Yes
AMD,Advanced Micro Devices Inc,Information Technology,11.22,187.0,0.0,0.03,9.7,15.65,11191663795.0,339000000.0,2.1091955,21.47,http://www.sec.gov/cgi-bin/browse-edgar?action=getcompany&CIK=AMD,No
AES,AES Corp,Utilities,10.06,9.96,4.961832,-1.72,10.0,12.05,6920851212.0,3001000000.0,0.65951383,2.2,http://www.sec.gov/cgi-bin/browse-edgar?action=getcompany&CIK=AES,Yes
AET,Aetna Inc,Health Care,178.0,18.11,1.101989,5.75,119.51,194.4,59197016353.0,4139000000.0,0.9923546,3.79,http://www.sec.gov/cgi-bin/browse-edgar?action=getcompany&CIK=AET,Yes
AMG,Affiliated Managers Group Inc,Financials,179.11,12.24,0.6387395,12.07,148.81,216.995,10442174371.0,1261400000.0,4.591235,2.89,http://www.sec.gov/cgi-bin/browse-edgar?action=getcompany&CIK=AMG,Yes
AFL,AFLAC Inc,Financials,83.25,12.24,2.4299066,11.01,68.8,91.73,33422948000.0,0.0,1.5429344,1.53,http://www.sec.gov/cgi-bin/browse-edgar?action=getcompany&CIK=AFL,Yes
A,Agilent Technologies Inc,Health Care,65.05,27.45,0.8756979,2.1,49.23,75.0,21984606918.0,1094000000.0,6.493563,4.56,http://www.sec.gov/cgi-bin/browse-edgar?action=getcompany&CIK=A,Yes
APD,Air Products & Chemicals Inc,Materials,152.8,24.22,2.7811136,13.66,133.6301,175.17,34638387128.0,2542500000.0,4.1163683,3.35,http://www.sec.gov/cgi-bin/browse-edgar?action=getcompany&CIK=APD,Yes
AKAM,Akamai Technologies Inc,Information Technology,62.49,32.55,0.0,1.79,44.65,69.56,10906904066.0,789517000.0,5.8546524,3.25,http://www.sec.gov/cgi-bin/browse-edgar?action=getcompany&CIK=AKAM,No
ALK,Alaska Air Group Inc,Industrials,64.04,9.66,1.9928383,8.28,59.25,101.43,7903173734.0,1665000000.0,0.9801092,2.21,http://www.sec.gov/cgi-bin/browse-edgar?action=getcompany&CIK=ALK,Yes
ALB,Albemarle Corp,Materials,105.18,26.03,1.2004126,5.66,90.35,144.99,11782151266.0,686030000.0,5.3666205,2.98,http://www.sec.gov/cgi-bin/browse-edgar?action=getcompany&CIK=ALB,Yes
ARE,Alexandria Real Estate Equities Inc,Real Estate,114.58,19.03,3.0262272,1.57,106.89,134.37,12043374429.0,0.0,10.492155,2.07,http://www.sec.gov/cgi-bin/browse-edgar?action=getcompany&CIK=ARE,Yes
ALXN,Alexion Pharmaceuticals,Health Care,108.47,22.18,0.0,1.77,96.18,149.34,26172439795.0,1072000000.0,9.720562,2.82,http://www.sec.gov/cgi-bin/browse-edgar?action=getcompany&CIK=ALXN,No
ALGN,Align Technology,Health Care,220.71,56.59,0.0,2.84,92.61,287.32,18788041378.0,380326000.0,13.138819,16.44,http://www.sec.gov/cgi-bin/browse-edgar?action=getcompany&CIK=ALGN,No
ALLE,Allegion,Industrials,77.32,21.07,0.8004002,2.37,66.72,89.81,7599609494.0,531800000.0,4.265232,20.48,http://www.sec.gov/cgi-bin/browse-edgar?action=getcompany&CIK=ALLE,Yes
AGN,"Allergan, Plc",Health Care,164.2,10.65,1.643289,38.35,160.07,256.8,56668833898.0,-2888100000.0,4.820115,0.83,http://www.sec.gov/cgi-bin/browse-edgar?action=getcompany&CIK=AGN,Yes
ADS,Alliance Data Systems,Information Technology,240.6,13.02,0.9240122,14.13,209.0,278.33,13632608582.0,2143200000.0,1.7282298,8.28,http://www.sec.gov/cgi-bin/browse-edgar?action=getcompany&CIK=ADS,Yes
LNT,Alliant Energy Corp,Utilities,37.14,19.86,3.5733333,1.65,36.84,45.55,8670163500.0,1168400000.0,3.4331481,2.13,http://www.sec.gov/cgi-bin/browse-edgar?action=getcompany&CIK=LNT,Yes
ALL,Allstate Corp,Financials,90.06,13.26,1.5278208,4.68,77.73,105.36,34759468905.0,0.0,1.2085556,1.67,http://www.sec.gov/cgi-bin/browse-edgar?action=getcompany&CIK=ALL,Yes
GOOGL,Alphabet Inc Class A,Information Technology,1007.71,31.48,0.0,22.27,824.3,1198.0,733823966137.0,34217000000.0,6.801692,4.7,http://www.sec.gov/cgi-bin/browse-edgar?action=getcompany&CIK=GOOGL,No
GOOG,Alphabet Inc Class C,Information Technology,1001.52,40.29,0.0,22.27,803.1903,1186.89,728535558140.0,32714000000.0,6.772653,4.67,http://www.sec.gov/cgi-bin/browse-edgar?action=getcompany&CIK=GOOG,No
MO,Altria Group Inc,Consumer Staples,64.05,18.89,3.9526875,5.31,60.01,77.79,126985101434.0,10773000000.0,4.945682,10.32,http://www.sec.gov/cgi-bin/browse-edgar?action=getcompany&CIK=MO,Yes
AMZN,Amazon.com Inc,Consumer Discretionary,1350.5,296.16,0.0,6.16,812.5,1498.0,685873374731.0,16132000000.0,3.927053,24.28,http://www.sec.gov/cgi-bin/browse-edgar?action=getcompany&CIK=AMZN,No
AEE,Ameren Corp,Utilities,52.59,20.38,3.4404964,2.68,51.81,64.89,12905744906.0,2298000000.0,2.693119,1.79,http://www.sec.gov/cgi-bin/browse-edgar?action=getcompany&CIK=AEE,Yes
AAL,American Airlines Group,Industrials,48.6,9.92,0.7782101,3.91,39.21,59.08,24594852352.0,5761000000.0,0.58022565,6.03,http://www.sec.gov/cgi-bin/browse-edgar?action=getcompany&CIK=AAL,Yes
AEP,American Electric Power,Utilities,63.38,17.32,3.8479443,1.24,62.69,78.07,31701916517.0,4450800000.0,2.7489934,1.81,http://www.sec.gov/cgi-bin/browse-edgar?action=getcompany&CIK=AEP,Yes
AXP,American Express Co,Financials,88.34,15.0,1.4955667,2.9,75.51,102.385,80410990000.0,0.0,2.273575,3.75,http://www.sec.gov/cgi-bin/browse-edgar?action=getcompany&CIK=AXP,Yes
AIG,"American International Group, Inc.",Financials,58.28,23.22,2.1167521,-0.76,57.85,67.3,54360073164.0,0.0,1.4686536,0.75,http://www.sec.gov/cgi-bin/browse-edgar?action=getcompany&CIK=AIG,Yes
AMT,American Tower Corp A,Real Estate,133.57,20.68,2.0,1.97,103.36,155.28,59213892640.0,3792383000.0,11.954137,9.22,http://www.sec.gov/cgi-bin/browse-edgar?action=getcompany&CIK=AMT,Yes
AWK,American Water Works Company Inc,Utilities,76.06,26.23,2.129297,2.63,71.89,92.37,13906146184.0,1711000000.0,5.553833,2.55,http://www.sec.gov/cgi-bin/browse-edgar?action=getcompany&CIK=AWK,Yes
AMP,Ameriprise Financial,Financials,152.5,12.41,2.0735743,9.44,118.84,183.9,23472126000.0,0.0,1.9493247,3.73,http://www.sec.gov/cgi-bin/browse-edgar?action=getcompany&CIK=AMP,Yes
ABC,AmerisourceBergen Corp,Health Care,91.55,15.54,1.6132456,1.64,71.9,106.27,20587704101.0,991884000.0,0.17396984,9.73,http://www.sec.gov/cgi-bin/browse-edgar?action=getcompany&CIK=ABC,Yes
AME,AMETEK Inc,Industrials,72.05,27.61,0.75512403,2.94,51.31,78.51,17139651923.0,1025763000.0,4.015368,4.54,http://www.sec.gov/cgi-bin/browse-edgar?action=getcompany&CIK=AME,Yes
AMGN,Amgen Inc,Health Care,173.12,13.76,2.9751508,2.57,152.16,201.23,128133340000.0,11945000000.0,5.58192,3.91,http://www.sec.gov/cgi-bin/browse-edgar?action=getcompany&CIK=AMGN,Yes
APH,Amphenol Corp,Information Technology,84.44,25.9,0.8608971,2.05,67.26,93.62,26955335395.0,1671700000.0,3.85675,6.64,http://www.sec.gov/cgi-bin/browse-edgar?action=getcompany&CIK=APH,Yes
APC,Anadarko Petroleum Corp,Energy,56.2,-21.29,1.7029973,-5.9,39.96,70.0,32129091747.0,3115000000.0,3.9682212,2.88,http://www.sec.gov/cgi-bin/browse-edgar?action=getcompany&CIK=APC,Yes
ADI,"Analog Devices, Inc.",Information Technology,82.68,17.67,2.108963,2.11,74.65,98.38,31811578855.0,1663384000.0,8.00391,3.13,http://www.sec.gov/cgi-bin/browse-edgar?action=getcompany&CIK=ADI,Yes
ANDV,Andeavor,Energy,96.9,18.78,2.3454583,6.13,75.11,121.71,15696449735.0,2548000000.0,0.6618165,1.7,http://www.sec.gov/cgi-bin/browse-edgar?action=getcompany&CIK=ANDV,Yes
ANSS,ANSYS,Information Technology,148.84,42.53,0.0,2.99,94.52,164.9,13155919129.0,458515000.0,16.8134,5.79,http://www.sec.gov/cgi-bin/browse-edgar?action=getcompany&CIK=ANSS,No
ANTM,Anthem Inc.,Health Care,230.57,19.23,1.2581781,14.36,156.81,267.95,61221978627.0,0.0,0.6696521,2.28,http://www.sec.gov/cgi-bin/browse-edgar?action=getcompany&CIK=ANTM,Yes
AON,Aon plc,Financials,136.05,20.8,1.0245464,4.66,113.2201,152.78,35123123422.0,1858000000.0,3.4972682,6.78,http://www.sec.gov/cgi-bin/browse-edgar?action=getcompany&CIK=AON,Yes
APA,Apache Corporation,Energy,37.73,-251.53,2.528445,-3.72,38.14,57.9,15066280977.0,3265000000.0,3.651366,2.22,http://www.sec.gov/cgi-bin/browse-edgar?action=getcompany&CIK=APA,Yes
AIV,Apartment Investment & Management,Real Estate,38.21,15.6,3.876562,1.95,38.85,46.855,6156884142.0,874871000.0,6.187621,4.69,http://www.sec.gov/cgi-bin/browse-edgar?action=getcompany&CIK=AIV,Yes
AAPL,Apple Inc.,Information Technology,155.15,16.86,1.5795412,9.2,131.12,180.1,809508034020.0,79386000000.0,3.4586093,5.66,http://www.sec.gov/cgi-bin/browse-edgar?action=getcompany&CIK=AAPL,Yes
AMAT,Applied Materials Inc,Information Technology,45.75,14.08,0.8215239,3.17,34.58,60.89,51296481503.0,4336000000.0,4.7020154,5.44,http://www.sec.gov/cgi-bin/browse-edgar?action=getcompany&CIK=AMAT,Yes
APTV,Aptiv Plc,Consumer Discretionary,89.27,69.74,0.9392678,5.05,82.97,96.91,24906530300.0,2370000000.0,1.5025798,7.56,http://www.sec.gov/cgi-bin/browse-edgar?action=getcompany&CIK=APTV,Yes
ADM,Archer-Daniels-Midland Co,Consumer Staples,41.35,17.45,3.1761081,2.17,38.59,47.44,23594770663.0,2927000000.0,0.52478915,1.29,http://www.sec.gov/cgi-bin/browse-edgar?action=getcompany&CIK=ADM,Yes
AJG,Arthur J. Gallagher & Co.,Financials,64.4,21.05,2.4807138,2.54,53.63,70.55,11968488290.0,888000000.0,1.9400215,2.92,http://www.sec.gov/cgi-bin/browse-edgar?action=getcompany&CIK=AJG,Yes
AIZ,Assurant Inc,Financials,85.16,33.27,2.5313594,9.08,85.91,106.985,4653993594.0,0.0,0.9821866,1.12,http://www.sec.gov/cgi-bin/browse-edgar?action=getcompany&CIK=AIZ,Yes
T,AT&T Inc,Telecommunication Services,35.57,12.14,5.4156513,4.76,32.55,42.7,226713270000.0,49653000000.0,1.4083152,1.8,http://www.sec.gov/cgi-bin/browse-edgar?action=getcompany&CIK=T,Yes
ADSK,Autodesk Inc,Information Technology,104.81,-77.07,0.0,-2.61,81.75,131.1,24348294504.0,-378100000.0,16.50682,224.13,http://www.sec.gov/cgi-bin/browse-edgar?action=getcompany&CIK=ADSK,No
ADP,Automatic Data Processing,Information Technology,108.25,29.34,2.2190912,3.85,95.5,125.24,50337702249.0,2767400000.0,4.0483294,12.86,http://www.sec.gov/cgi-bin/browse-edgar?action=getcompany&CIK=ADP,Yes
AZO,AutoZone Inc,Consumer Discretionary,718.57,16.31,0.0,44.09,491.13,797.89,19922021415.0,2347304000.0,1.8510429,136.23,http://www.sec.gov/cgi-bin/browse-edgar?action=getcompany&CIK=AZO,No
AVB,"AvalonBay Communities, Inc.",Real Estate,154.94,17.97,3.7149355,6.36,156.01,199.52,21856547430.0,1331579000.0,10.251216,2.12,http://www.sec.gov/cgi-bin/browse-edgar?action=getcompany&CIK=AVB,Yes
AVY,Avery Dennison Corp,Materials,110.77,22.11,1.5682175,3.11,78.471,123.67,10104814319.0,831200000.0,1.5206499,8.83,http://www.sec.gov/cgi-bin/browse-edgar?action=getcompany&CIK=AVY,Yes
BHGE,"Baker Hughes, a GE Company",Energy,27.5,305.56,2.4991322,-0.31,28.03,57.73,32995712852.0,285000000.0,1.9390045,2.25,http://www.sec.gov/cgi-bin/browse-edgar?action=getcompany&CIK=BHGE,Yes
BLL,Ball Corp,Materials,38.44,20.56,1.0170354,0.85,35.6,43.24,13767688518.0,1317000000.0,1.5696399,3.62,http://www.sec.gov/cgi-bin/browse-edgar?action=getcompany&CIK=BLL,Yes
BAC,Bank of America Corp,Financials,29.74,16.34,1.536,1.55,22.07,32.67,321478200969.0,0.0,3.2011874,1.24,http://www.sec.gov/cgi-bin/browse-edgar?action=getcompany&CIK=BAC,Yes
BAX,Baxter International Inc.,Health Care,62.56,25.12,0.97635394,1.29,48.15,72.58,35713732553.0,1832000000.0,3.4394414,3.77,http://www.sec.gov/cgi-bin/browse-edgar?action=getcompany&CIK=BAX,Yes
BBT,BB&T Corporation,Financials,51.07,16.26,2.4526198,2.74,41.17,55.99,42087562920.0,0.0,3.4552107,1.55,http://www.sec.gov/cgi-bin/browse-edgar?action=getcompany&CIK=BBT,Yes
BDX,Becton Dickinson,Health Care,211.44,22.28,1.3518385,4.65,175.66,248.3888,50910180308.0,1537000000.0,5.6912947,3.98,http://www.sec.gov/cgi-bin/browse-edgar?action=getcompany&CIK=BDX,Yes
BRK.B,Berkshire Hathaway,Financials,191.42,30.43,0.0,9.76,160.93,217.62,261401203633.0,0.0,1.4328232,1.58,http://www.sec.gov/cgi-bin/browse-edgar?action=getcompany&CIK=BRK.B,No
BBY,Best Buy Co. Inc.,Consumer Discretionary,68.79,19.22,1.9085041,3.81,41.67,78.59,20831186176.0,2555000000.0,0.76715523,4.79,http://www.sec.gov/cgi-bin/browse-edgar?action=getcompany&CIK=BBY,Yes
BIIB,Biogen Inc.,Health Care,311.79,14.3,0.0,11.94,244.28,370.57,69157726427.0,6511400000.0,5.737439,5.51,http://www.sec.gov/cgi-bin/browse-edgar?action=getcompany&CIK=BIIB,No
BLK,BlackRock,Financials,509.38,22.49,2.1643558,30.3,368.0,594.52,85907759858.0,5684000000.0,6.9158196,2.95,http://www.sec.gov/cgi-bin/browse-edgar?action=getcompany&CIK=BLK,Yes
HRB,Block H&R,Financials,25.19,12.29,3.7296038,1.92,19.85,31.8,5381433872.0,894754000.0,2.0188456,205.41,http://www.sec.gov/cgi-bin/browse-edgar?action=getcompany&CIK=HRB,Yes
BA,Boeing Company,Industrials,329.66,27.29,1.9648397,13.47,163.69,361.45,205617405233.0,12476000000.0,2.1560605,182.86,http://www.sec.gov/cgi-bin/browse-edgar?action=getcompany&CIK=BA,Yes
BWA,BorgWarner,Consumer Discretionary,51.94,14.15,1.2363636,0.55,37.54,58.22,11596117445.0,867900000.0,1.5831376,2.89,http://www.sec.gov/cgi-bin/browse-edgar?action=getcompany&CIK=BWA,Yes
BXP,Boston Properties,Real Estate,112.09,18.05,2.7744062,2.93,111.87,140.13,17799878487.0,1546846000.0,6.839459,3.15,http://www.sec.gov/cgi-bin/browse-edgar?action=getcompany&CIK=BXP,Yes
BSX,Boston Scientific,Health Care,25.2,20.0,0.0,0.07,23.29,29.93,36142506007.0,1726000000.0,4.055685,4.78,http://www.sec.gov/cgi-bin/browse-edgar?action=getcompany&CIK=BSX,No
BHF,Brighthouse Financial Inc,Financials,55.44,22.63,0.0,-24.62,52.751,75.0,7066613254.0,0.0,1.4188358,0.51,http://www.sec.gov/cgi-bin/browse-edgar?action=getcompany&CIK=BHF,No
BMY,Bristol-Myers Squibb,Health Care,62.69,20.83,2.5546863,2.65,51.12,66.1,102506501960.0,5170000000.0,6.503231,6.75,http://www.sec.gov/cgi-bin/browse-edgar?action=getcompany&CIK=BMY,Yes
AVGO,Broadcom,Information Technology,229.57,15.94,2.9488583,4.01,202.61,285.68,92791974933.0,7016000000.0,6.961893,4.4,http://www.sec.gov/cgi-bin/browse-edgar?action=getcompany&CIK=AVGO,Yes
BF.B,Brown-Forman Corp.,Consumer Staples,63.33,37.04,1.1216964,1.7,45.415,69.9028,5498033502.0,1139000000.0,1.8411398,12.36,http://www.sec.gov/cgi-bin/browse-edgar?action=getcompany&CIK=BF.B,Yes
CHRW,C. H. Robinson Worldwide,Industrials,90.47,26.0,1.987685,3.57,63.41,100.18,12932483889.0,868096000.0,0.85282737,9.31,http://www.sec.gov/cgi-bin/browse-edgar?action=getcompany&CIK=CHRW,Yes
CA,"CA, Inc.",Information Technology,32.66,14.32,3.0,1.85,30.45,36.56,14175422936.0,1613000000.0,3.3742425,2.44,http://www.sec.gov/cgi-bin/browse-edgar?action=getcompany&CIK=CA,Yes
COG,Cabot Oil & Gas,Energy,23.01,60.55,1.0269576,-0.92,21.4,29.57,10808821635.0,404951000.0,8.636729,4.21,http://www.sec.gov/cgi-bin/browse-edgar?action=getcompany&CIK=COG,Yes
CDNS,Cadence Design Systems,Information Technology,36.82,34.09,0.0,0.74,29.01,46.0,10890625200.0,455607000.0,5.751737,10.98,http://www.sec.gov/cgi-bin/browse-edgar?action=getcompany&CIK=CDNS,No
CPB,Campbell Soup,Consumer Staples,44.83,14.84,3.125,2.89,43.5,64.23,13467193376.0,1683000000.0,2.3898203,7.91,http://www.sec.gov/cgi-bin/browse-edgar?action=getcompany&CIK=CPB,Yes
COF,Capital One Financial,Financials,91.8,11.85,1.6306564,3.45,76.05,106.5,47637260000.0,0.0,1.5931405,0.94,http://www.sec.gov/cgi-bin/browse-edgar?action=getcompany&CIK=COF,Yes
CAH,Cardinal Health Inc.,Health Care,66.63,12.29,2.8394227,4.04,54.66,84.88,20493281175.0,1913000000.0,0.21131156,3.03,http://www.sec.gov/cgi-bin/browse-edgar?action=getcompany&CIK=CAH,Yes
KMX,Carmax Inc,Consumer Discretionary,64.34,19.44,0.0,3.97,54.29,77.64,11827453706.0,1339628000.0,0.6913859,3.55,http://www.sec.gov/cgi-bin/browse-edgar?action=getcompany&CIK=KMX,No
CCL,Carnival Corp.,Consumer Discretionary,66.76,17.48,2.6041667,3.58,54.75,72.7,49180044050.0,4711000000.0,2.8147783,2.0,http://www.sec.gov/cgi-bin/browse-edgar?action=getcompany&CIK=CCL,Yes
CAT,Caterpillar Inc.,Industrials,145.99,21.22,2.0215108,1.26,90.34,173.24,91822049046.0,8136000000.0,2.0468428,5.75,http://www.sec.gov/cgi-bin/browse-edgar?action=getcompany&CIK=CAT,Yes
CBOE,CBOE Holdings,Financials,111.15,35.06,0.9426963,2.27,76.75,138.54,12998295607.0,488406000.0,8.249042,5.15,http://www.sec.gov/cgi-bin/browse-edgar?action=getcompany&CIK=CBOE,Yes
CBG,CBRE Group,Real Estate,41.92,15.82,0.0,1.69,30.43,46.6,14440591731.0,1652961000.0,1.4622321,3.74,http://www.sec.gov/cgi-bin/browse-edgar?action=getcompany&CIK=CBG,No
CBS,CBS Corp.,Consumer Discretionary,51.8,12.05,1.3473054,2.81,52.75,70.095,20431395736.0,2841000000.0,2.1055017,6.91,http://www.sec.gov/cgi-bin/browse-edgar?action=getcompany&CIK=CBS,Yes
CELG,Celgene Corp.,Health Care,91.02,13.27,0.0,3.58,92.85,147.17,74921079154.0,5233000000.0,5.830071,7.49,http://www.sec.gov/cgi-bin/browse-edgar?action=getcompany&CIK=CELG,No
CNC,Centene Corporation,Health Care,100.36,19.12,0.0,3.23,65.03,112.42,18012494506.0,2063000000.0,0.5028663,2.58,http://www.sec.gov/cgi-bin/browse-edgar?action=getcompany&CIK=CNC,No
CNP,CenterPoint Energy,Utilities,25.85,19.73,4.2109256,1.0,25.51,30.45,11362043297.0,2337000000.0,1.6262617,3.21,http://www.sec.gov/cgi-bin/browse-edgar?action=getcompany&CIK=CNP,Yes
CTL,CenturyLink Inc,Telecommunication Services,16.2,8.35,12.661196,1.16,13.161,27.61,18237196861.0,5577000000.0,1.4795984,1.39,http://www.sec.gov/cgi-bin/browse-edgar?action=getcompany&CIK=CTL,Yes
CERN,Cerner,Health Care,61.22,27.09,0.0,1.84,51.2617,73.86,21101697598.0,1523440000.0,5.5560412,4.62,http://www.sec.gov/cgi-bin/browse-edgar?action=getcompany&CIK=CERN,No
CF,CF Industries Holdings Inc,Materials,37.46,-59.46,3.0395136,-1.2,25.04,43.98,9209106695.0,711000000.0,3.0044448,2.81,http://www.sec.gov/cgi-bin/browse-edgar?action=getcompany&CIK=CF,Yes
SCHW,Charles Schwab Corporation,Financials,48.9,29.82,0.76878726,1.61,37.16,56.25,69750188843.0,0.0,7.949615,4.51,http://www.sec.gov/cgi-bin/browse-edgar?action=getcompany&CIK=SCHW,Yes
CHTR,Charter Communications,Consumer Discretionary,348.65,162.92,0.0,34.08,308.3,408.83,86708878113.0,14694000000.0,2.1208634,2.27,http://www.sec.gov/cgi-bin/browse-edgar?action=getcompany&CIK=CHTR,No
CHK,Chesapeake Energy,Energy,2.82,4.7,0.0,-6.44,2.8,6.59,2626102121.0,1470000000.0,0.40765184,1.84,http://www.sec.gov/cgi-bin/browse-edgar?action=getcompany&CIK=CHK,No
CVX,Chevron Corp.,Energy,112.3,27.52,3.885853,4.85,102.55,133.88,218978820159.0,28877000000.0,1.6489863,1.71,http://www.sec.gov/cgi-bin/browse-edgar?action=getcompany&CIK=CVX,Yes
CMG,Chipotle Mexican Grill,Consumer Discretionary,266.01,45.86,0.0,0.8,263.0,499.0,7685283970.0,401293000.0,2.5523853,6.11,http://www.sec.gov/cgi-bin/browse-edgar?action=getcompany&CIK=CMG,No
CB,Chubb Limited,Financials,140.39,17.5,1.9251627,8.2,130.17,157.5,68424670566.0,0.0,2.0985637,1.35,http://www.sec.gov/cgi-bin/browse-edgar?action=getcompany&CIK=CB,Yes
CHD,Church & Dwight,Consumer Staples,47.38,24.42,1.8366054,2.92,43.21,54.1799,11838963451.0,868000000.0,3.1682448,6.28,http://www.sec.gov/cgi-bin/browse-edgar?action=getcompany&CIK=CHD,Yes
CI,CIGNA Corp.,Health Care,189.27,18.11,0.020466639,7.2,141.93,227.13,47680910480.0,0.0,1.550762,3.39,http://www.sec.gov/cgi-bin/browse-edgar?action=getcompany&CIK=CI,Yes
XEC,Cimarex Energy,Energy,100.19,26.37,0.30214334,-4.64,89.49,136.31,10089082025.0,1061056000.0,7.556446,4.28,http://www.sec.gov/cgi-bin/browse-edgar?action=getcompany&CIK=XEC,Yes
CINF,Cincinnati Financial,Financials,70.34,27.48,2.918904,3.55,68.24,81.98,11916533018.0,0.0,2.756679,1.6,http://www.sec.gov/cgi-bin/browse-edgar?action=getcompany&CIK=CINF,Yes
CTAS,Cintas Corporation,Industrials,149.32,32.75,1.0344827,4.38,113.79,169.96,16676145923.0,1097295000.0,2.7614057,6.53,http://www.sec.gov/cgi-bin/browse-edgar?action=getcompany&CIK=CTAS,Yes
CSCO,Cisco Systems,Information Technology,38.77,17.87,2.8755577,1.91,30.36,42.98,199425716482.0,15447000000.0,5.484418,3.07,http://www.sec.gov/cgi-bin/browse-edgar?action=getcompany&CIK=CSCO,Yes
C,Citigroup Inc.,Financials,71.87,13.48,1.7068943,-3.1,56.14,80.7,192709302000.0,0.0,2.1857586,0.9,http://www.sec.gov/cgi-bin/browse-edgar?action=getcompany&CIK=C,Yes
CFG,Citizens Financial Group,Financials,42.19,16.04,1.9625335,3.27,31.51,48.23,22008050974.0,0.0,3.3917346,1.08,http://www.sec.gov/cgi-bin/browse-edgar?action=getcompany&CIK=CFG,Yes
CTXS,Citrix Systems,Information Technology,84.53,20.37,0.0,-0.24,73.3346,95.0,13199167493.0,810268000.0,4.7538714,6.73,http://www.sec.gov/cgi-bin/browse-edgar?action=getcompany&CIK=CTXS,No
CME,CME Group Inc.,Financials,153.04,32.15,3.6828613,11.94,114.8176,163.0,54423298745.0,2851800000.0,14.881806,2.51,http://www.sec.gov/cgi-bin/browse-edgar?action=getcompany&CIK=CME,Yes
CMS,CMS Energy,Utilities,41.77,21.42,3.3918407,1.99,41.07,50.85,11873960824.0,2099000000.0,2.4711676,2.65,http://www.sec.gov/cgi-bin/browse-edgar?action=getcompany&CIK=CMS,Yes
KO,Coca-Cola Company (The),Consumer Staples,43.1,22.8,3.3213644,1.49,40.22,48.615,189855335601.0,8589000000.0,6.822138,8.65,http://www.sec.gov/cgi-bin/browse-edgar?action=getcompany&CIK=KO,Yes
CTSH,Cognizant Technology Solutions,Information Technology,75.16,22.44,1.0454783,2.54,54.76,79.28,45119684067.0,2946000000.0,3.9678397,3.94,http://www.sec.gov/cgi-bin/browse-edgar?action=getcompany&CIK=CTSH,Yes
CL,Colgate-Palmolive,Consumer Staples,68.95,24.02,2.2801766,2.28,66.26,77.91,61616643498.0,4064000000.0,4.000737,236.42,http://www.sec.gov/cgi-bin/browse-edgar?action=getcompany&CIK=CL,Yes
CMCSA,Comcast Corp.,Consumer Discretionary,38.19,18.54,1.8929017,4.74,34.78,44.0,186476996883.0,28675000000.0,2.1797748,2.65,http://www.sec.gov/cgi-bin/browse-edgar?action=getcompany&CIK=CMCSA,Yes
CMA,Comerica Inc.,Financials,89.18,18.89,1.2823253,4.13,64.04,98.18,16274969256.0,0.0,4.905472,1.96,http://www.sec.gov/cgi-bin/browse-edgar?action=getcompany&CIK=CMA,Yes
CAG,Conagra Brands,Consumer Staples,35.49,18.2,2.3683476,1.46,32.16,41.68,14379717835.0,1281200000.0,1.8294994,3.86,http://www.sec.gov/cgi-bin/browse-edgar?action=getcompany&CIK=CAG,Yes
CXO,Concho Resources,Energy,140.09,84.39,0.0,-11.04,106.73,162.91,22021882339.0,2151190000.0,12.271951,2.61,http://www.sec.gov/cgi-bin/browse-edgar?action=getcompany&CIK=CXO,No
COP,ConocoPhillips,Energy,53.24,72.93,2.049254,-0.65,42.265,61.315,65482462410.0,5328000000.0,2.0764177,2.16,http://www.sec.gov/cgi-bin/browse-edgar?action=getcompany&CIK=COP,Yes
ED,Consolidated Edison,Utilities,74.73,18.64,3.8001595,4.1,72.63,89.7,23335777662.0,4288000000.0,2.960244,1.58,http://www.sec.gov/cgi-bin/browse-edgar?action=getcompany&CIK=ED,Yes
STZ,Constellation Brands,Consumer Staples,208.73,30.92,0.9712818,8.71,152.01,229.5,41697453163.0,3033300000.0,5.145596,5.14,http://www.sec.gov/cgi-bin/browse-edgar?action=getcompany&CIK=STZ,Yes
GLW,Corning Inc.,Information Technology,28.45,16.45,2.0791416,-0.78,26.31,35.1,25759280346.0,2970000000.0,2.544682,1.71,http://www.sec.gov/cgi-bin/browse-edgar?action=getcompany&CIK=GLW,Yes
COST,Costco Wholesale Corp.,Consumer Staples,178.61,30.69,1.0917627,6.09,150.0,199.88,80439804508.0,5679000000.0,0.61203885,7.24,http://www.sec.gov/cgi-bin/browse-edgar?action=getcompany&CIK=COST,Yes
COTY,"Coty, Inc",Consumer Staples,19.96,24.64,2.860412,-0.63,14.24,21.175,13101112504.0,211400000.0,2.0061796,1.37,http://www.sec.gov/cgi-bin/browse-edgar?action=getcompany&CIK=COTY,Yes
CCI,Crown Castle International Corp.,Real Estate,103.81,21.45,3.862069,1.02,86.93,114.97,44183023189.0,2292600000.0,10.125291,3.54,http://www.sec.gov/cgi-bin/browse-edgar?action=getcompany&CIK=CCI,Yes
CSRA,CSRA Inc.,Information Technology,30.85,15.12,1.275917,1.83,27.38,33.79,5134501276.0,543000000.0,1.3324839,11.37,http://www.sec.gov/cgi-bin/browse-edgar?action=getcompany&CIK=CSRA,Yes
CSX,CSX Corp.,Industrials,50.47,21.94,1.5102888,6.07,45.41,60.04,47340511707.0,5003000000.0,4.216355,4.27,http://www.sec.gov/cgi-bin/browse-edgar?action=getcompany&CIK=CSX,Yes
CMI,Cummins Inc.,Industrials,165.73,16.83,2.5008683,8.23,143.8301,194.18,28669230787.0,2924000000.0,1.9406168,3.89,http://www.sec.gov/cgi-bin/browse-edgar?action=getcompany&CIK=CMI,Yes
CVS,CVS Health,Consumer Staples,70.55,12.36,2.6899798,4.91,66.45,84.0,75323141722.0,11704000000.0,0.549852,2.13,http://www.sec.gov/cgi-bin/browse-edgar?action=getcompany&CIK=CVS,Yes
DHI,D. R. Horton,Consumer Discretionary,44.55,16.32,1.0801469,2.73,29.3716,53.32,17390873686.0,1691000000.0,1.1931022,2.17,http://www.sec.gov/cgi-bin/browse-edgar?action=getcompany&CIK=DHI,Yes
DHR,Danaher Corp.,Health Care,92.16,22.87,0.5879265,3.53,78.97,104.82,66351150000.0,4339800000.0,3.688278,2.65,http://www.sec.gov/cgi-bin/browse-edgar?action=getcompany&CIK=DHR,Yes
DRI,Darden Restaurants,Consumer Discretionary,91.33,22.72,2.6503997,3.81,71.7,100.11,11745595320.0,997600000.0,1.5278828,5.89,http://www.sec.gov/cgi-bin/browse-edgar?action=getcompany&CIK=DRI,Yes
DVA,DaVita Inc.,Health Care,71.91,20.55,0.0,4.3,52.51,80.71,13685178000.0,2252294000.0,1.1451397,2.79,http://www.sec.gov/cgi-bin/browse-edgar?action=getcompany&CIK=DVA,No
DE,Deere & Co.,Industrials,153.66,23.14,1.4866204,6.64,106.72,171.96,52186628646.0,4053300000.0,2.3746448,5.31,http://www.sec.gov/cgi-bin/browse-edgar?action=getcompany&CIK=DE,Yes
DAL,Delta Air Lines Inc.,Industrials,51.23,10.37,2.2655525,4.94,43.81,60.79,38393603535.0,8348000000.0,0.91792434,2.67,http://www.sec.gov/cgi-bin/browse-edgar?action=getcompany&CIK=DAL,Yes
XRAY,Dentsply Sirona,Health Care,56.85,22.65,0.60034305,1.99,52.535,68.98,13390513478.0,-411100000.0,4.626262,1.8,http://www.sec.gov/cgi-bin/browse-edgar?action=getcompany&CIK=XRAY,Yes
DVN,Devon Energy Corp.,Energy,34.94,23.93,0.6528836,-6.89,28.7947,47.25,19317380000.0,3723000000.0,2.0660408,2.85,http://www.sec.gov/cgi-bin/browse-edgar?action=getcompany&CIK=DVN,Yes
DLR,Digital Realty Trust Inc,Real Estate,98.96,16.55,3.5710857,2.19,101.101,127.23,21400952517.0,1260662000.0,12.434961,2.32,http://www.sec.gov/cgi-bin/browse-edgar?action=getcompany&CIK=DLR,Yes
DFS,Discover Financial Services,Financials,72.4,12.13,1.8269607,5.41,57.5,81.93,27433540000.0,0.0,2.3610325,2.52,http://www.sec.gov/cgi-bin/browse-edgar?action=getcompany&CIK=DFS,Yes
DISCA,Discovery Communications-A,Consumer Discretionary,22.87,11.0,0.0,1.96,15.99,30.25,8763756733.0,2100000000.0,1.804088,1.5,http://www.sec.gov/cgi-bin/browse-edgar?action=getcompany&CIK=DISCA,No
DISCK,Discovery Communications-C,Consumer Discretionary,21.58,10.37,0.0,1.96,14.99,29.18,8320262123.0,2100000000.0,1.7147918,1.43,http://www.sec.gov/cgi-bin/browse-edgar?action=getcompany&CIK=DISCK,No
DISH,Dish Network,Consumer Discretionary,43.77,16.09,0.0,3.06,42.48,66.5,21032719056.0,2754331000.0,1.8521843,3.76,http://www.sec.gov/cgi-bin/browse-edgar?action=getcompany&CIK=DISH,No
DG,Dollar General,Consumer Discretionary,95.1,21.18,1.0625255,4.43,65.97,105.82,26580644874.0,2457604000.0,1.5283886,4.53,http://www.sec.gov/cgi-bin/browse-edgar?action=getcompany&CIK=DG,Yes
DLTR,Dollar Tree,Consumer Discretionary,101.58,26.66,0.0,3.77,65.63,116.65,25151198417.0,2430300000.0,1.6097589,4.08,http://www.sec.gov/cgi-bin/browse-edgar?action=getcompany&CIK=DLTR,No
D,Dominion Energy,Utilities,73.31,20.42,4.5281997,4.91,71.59,85.3,47543571860.0,6428000000.0,3.7954214,2.96,http://www.sec.gov/cgi-bin/browse-edgar?action=getcompany&CIK=D,Yes
DOV,Dover Corp.,Industrials,96.2,23.87,1.8815053,5.15,75.51,109.06,15566645713.0,1513291000.0,1.986176,3.59,http://www.sec.gov/cgi-bin/browse-edgar?action=getcompany&CIK=DOV,Yes
DWDP,DowDuPont,Materials,68.21,49.43,2.1529746,1.59,64.01,77.08,165203312427.0,5250000000.0,2.6922395,1.54,http://www.sec.gov/cgi-bin/browse-edgar?action=getcompany&CIK=DWDP,Yes
DPS,Dr Pepper Snapple Group,Consumer Staples,116.93,26.57,1.9661016,4.54,83.23,126.65,21209783858.0,1507000000.0,4.2149186,9.99,http://www.sec.gov/cgi-bin/browse-edgar?action=getcompany&CIK=DPS,Yes
DTE,DTE Energy Co.,Utilities,98.49,19.12,3.5559585,4.82,96.56,116.74,17808073691.0,2790000000.0,1.9091922,1.95,http://www.sec.gov/cgi-bin/browse-edgar?action=getcompany&CIK=DTE,Yes
DUK,Duke Energy,Utilities,74.32,16.7,4.7849464,3.12,72.93,91.8,52078185682.0,9895000000.0,2.9348857,1.27,http://www.sec.gov/cgi-bin/browse-edgar?action=getcompany&CIK=DUK,Yes
DRE,Duke Realty Corp,Real Estate,24.52,19.77,3.1533308,0.88,24.73,30.14,9035293365.0,529483000.0,16.077257,1.94,http://www.sec.gov/cgi-bin/browse-edgar?action=getcompany&CIK=DRE,Yes
DXC,DXC Technology,Information Technology,91.92,79.93,0.7493755,-0.89,67.76,102.95,27408621020.0,1628000000.0,1.9598055,2.26,http://www.sec.gov/cgi-bin/browse-edgar?action=getcompany&CIK=DXC,Yes
ETFC,E*Trade,Financials,48.48,22.14,0.0,2.15,32.25,56.0,13754977266.0,0.0,5.689136,2.15,http://www.sec.gov/cgi-bin/browse-edgar?action=getcompany&CIK=ETFC,No
EMN,Eastman Chemical,Materials,93.57,12.28,2.2630835,10.12,76.02,104.08,14226830813.0,2152000000.0,1.4904785,2.78,http://www.sec.gov/cgi-bin/browse-edgar?action=getcompany&CIK=EMN,Yes
ETN,Eaton Corporation,Industrials,79.41,17.08,2.9404557,6.68,69.45,89.85,35961772000.0,4253000000.0,1.8161736,2.17,http://www.sec.gov/cgi-bin/browse-edgar?action=getcompany&CIK=ETN,Yes
EBAY,eBay Inc.,Information Technology,41.02,24.86,0.0,-1.07,31.89,46.99,44216696399.0,2941000000.0,4.6720185,3.8,http://www.sec.gov/cgi-bin/browse-edgar?action=getcompany&CIK=EBAY,No
ECL,Ecolab Inc.,Materials,127.76,28.08,1.2319711,4.14,119.61,140.5,38460272282.0,2848600000.0,3.7360687,5.28,http://www.sec.gov/cgi-bin/browse-edgar?action=getcompany&CIK=ECL,Yes
EIX,Edison Int'l,Utilities,58.07,13.23,4.0542803,3.96,58.76,83.38,19447670886.0,4284000000.0,2.161095,1.59,http://www.sec.gov/cgi-bin/browse-edgar?action=getcompany&CIK=EIX,Yes
EW,Edwards Lifesciences,Health Care,123.78,32.57,0.0,2.88,89.2,138.48,27447099863.0,1156700000.0,7.8283277,8.48,http://www.sec.gov/cgi-bin/browse-edgar?action=getcompany&CIK=EW,No
EA,Electronic Arts,Information Technology,116.54,34.48,0.0,3.07,81.27,131.01,37890226992.0,1560000000.0,7.4415817,8.54,http://www.sec.gov/cgi-bin/browse-edgar?action=getcompany&CIK=EA,No
EMR,Emerson Electric Company,Industrials,66.4,25.74,2.813225,2.35,56.77,74.45,44040298425.0,2542000000.0,3.6707752,5.01,http://www.sec.gov/cgi-bin/browse-edgar?action=getcompany&CIK=EMR,Yes
ETR,Entergy Corp.,Utilities,72.02,10.65,4.892126,-3.26,69.63,87.95,13116894887.0,880700000.0,1.5543115,1.54,http://www.sec.gov/cgi-bin/browse-edgar?action=getcompany&CIK=ETR,Yes
EVHC,Envision Healthcare,Health Care,35.34,10.91,0.0,-0.48,23.77,73.0,4212729247.0,827200000.0,1.227099,0.64,http://www.sec.gov/cgi-bin/browse-edgar?action=getcompany&CIK=EVHC,No
EOG,EOG Resources,Energy,101.04,246.44,0.63339007,-1.98,81.99,119.0,61164030149.0,3692749000.0,8.02302,4.55,http://www.sec.gov/cgi-bin/browse-edgar?action=getcompany&CIK=EOG,Yes
EQT,EQT Corporation,Energy,46.25,53.16,0.2518363,-2.69,47.13,67.84,12638828950.0,1518305000.0,6.4987307,2.15,http://www.sec.gov/cgi-bin/browse-edgar?action=getcompany&CIK=EQT,Yes
EFX,Equifax Inc.,Industrials,114.0,19.03,1.3265306,4.04,90.72,147.02,14121334618.0,1141200000.0,5.6338058,4.59,http://www.sec.gov/cgi-bin/browse-edgar?action=getcompany&CIK=EFX,Yes
EQIX,Equinix,Real Estate,409.98,23.06,1.8775817,1.77,361.9,495.345,33333813618.0,1687152000.0,10.639136,5.14,http://www.sec.gov/cgi-bin/browse-edgar?action=getcompany&CIK=EQIX,Yes
EQR,Equity Residential,Real Estate,55.26,17.6,3.5437918,1.63,56.07,70.455,20925508143.0,1710686000.0,8.593619,2.09,http://www.sec.gov/cgi-bin/browse-edgar?action=getcompany&CIK=EQR,Yes
ESS,"Essex Property Trust, Inc.",Real Estate,218.28,18.66,3.2138102,6.27,214.03,270.04,14383525286.0,1237886000.0,14.1830845,2.3,http://www.sec.gov/cgi-bin/browse-edgar?action=getcompany&CIK=ESS,Yes
EL,Estee Lauder Cos.,Consumer Staples,131.46,37.78,1.1283498,3.35,81.69,138.74,49543264457.0,2478000000.0,3.9522583,10.82,http://www.sec.gov/cgi-bin/browse-edgar?action=getcompany&CIK=EL,Yes
RE,Everest Re Group Ltd.,Financials,241.06,27.24,2.1078234,23.71,208.81,277.17,10131892523.0,0.0,2.0991988,1.16,http://www.sec.gov/cgi-bin/browse-edgar?action=getcompany&CIK=RE,Yes
ES,Eversource Energy,Utilities,56.11,18.22,3.3397784,2.96,55.2,66.15,18027633617.0,2738713000.0,3.1134193,1.68,http://www.sec.gov/cgi-bin/browse-edgar?action=getcompany&CIK=ES,Yes
EXC,Exelon Corp.,Utilities,35.98,14.51,3.8174274,1.23,33.3,42.67,34734816899.0,8548000000.0,1.3933871,1.26,http://www.sec.gov/cgi-bin/browse-edgar?action=getcompany&CIK=EXC,Yes
EXPE,Expedia Inc.,Consumer Discretionary,123.03,30.99,0.92785895,1.81,115.55,161.0,19722178609.0,1481458000.0,2.5074897,4.14,http://www.sec.gov/cgi-bin/browse-edgar?action=getcompany&CIK=EXPE,Yes
EXPD,Expeditors International,Industrials,60.36,25.26,1.3520038,2.36,51.96,67.54,11040678071.0,721643000.0,2.190319,5.55,http://www.sec.gov/cgi-bin/browse-edgar?action=getcompany&CIK=EXPD,Yes
ESRX,Express Scripts,Health Care,73.35,10.72,0.0,5.39,55.8,83.485,42449656350.0,7309300000.0,0.57588416,2.65,http://www.sec.gov/cgi-bin/browse-edgar?action=getcompany&CIK=ESRX,No
EXR,Extra Space Storage,Real Estate,77.56,18.12,3.879632,2.92,71.34,88.56,10133547517.0,717468000.0,12.204818,4.54,http://www.sec.gov/cgi-bin/browse-edgar?action=getcompany&CIK=EXR,Yes
XOM,Exxon Mobil Corp.,Energy,76.07,21.37,4.0031195,1.88,76.05,89.3,326148660000.0,39052000000.0,1.7701944,1.85,http://www.sec.gov/cgi-bin/browse-edgar?action=getcompany&CIK=XOM,Yes
FFIV,F5 Networks,Information Technology,137.25,21.21,0.0,6.51,114.63,149.5,8744185796.0,629940000.0,4.1203604,6.86,http://www.sec.gov/cgi-bin/browse-edgar?action=getcompany&CIK=FFIV,No
FB,"Facebook, Inc.",Information Technology,171.58,27.9,0.0,5.39,132.44,195.32,523423036576.0,23624000000.0,13.241967,7.08,http://www.sec.gov/cgi-bin/browse-edgar?action=getcompany&CIK=FB,No
FAST,Fastenal Co,Industrials,52.15,27.02,2.7798648,2.01,39.79,57.815,15311373377.0,1009600000.0,3.472977,7.39,http://www.sec.gov/cgi-bin/browse-edgar?action=getcompany&CIK=FAST,Yes
FRT,Federal Realty Investment Trust,Real Estate,108.11,18.35,3.5925992,3.5,109.74,143.79,8077368506.0,540767000.0,12.898601,3.98,http://www.sec.gov/cgi-bin/browse-edgar?action=getcompany&CIK=FRT,Yes
FDX,FedEx Corporation,Industrials,239.27,19.45,0.7963368,11.07,182.89,274.66,67280478816.0,8062000000.0,1.0751684,3.9,http://www.sec.gov/cgi-bin/browse-edgar?action=getcompany&CIK=FDX,Yes
FIS,Fidelity National Information Services,Information Technology,92.74,22.08,1.322724,1.72,77.63,103.65,32308459680.0,2782000000.0,4.7038417,3.25,http://www.sec.gov/cgi-bin/browse-edgar?action=getcompany&CIK=FIS,Yes
FITB,Fifth Third Bancorp,Financials,31.1,16.9,1.9789734,2.85,23.2,33.91,22437653700.0,0.0,2.8802848,1.46,http://www.sec.gov/cgi-bin/browse-edgar?action=getcompany&CIK=FITB,Yes
FE,FirstEnergy Corp,Utilities,30.64,11.18,4.673807,-14.49,27.93,35.22,13706075072.0,-5067000000.0,1.2994481,2.19,http://www.sec.gov/cgi-bin/browse-edgar?action=getcompany&CIK=FE,Yes
FISV,Fiserv Inc,Information Technology,133.05,27.32,0.0,4.14,106.2,144.2,26918949723.0,1911000000.0,6.518713,11.54,http://www.sec.gov/cgi-bin/browse-edgar?action=getcompany&CIK=FISV,No
FLIR,FLIR Systems,Information Technology,46.46,25.53,1.2396694,1.21,33.75,52.88,6706992926.0,375267000.0,5.137961,3.52,http://www.sec.gov/cgi-bin/browse-edgar?action=getcompany&CIK=FLIR,Yes
FLS,Flowserve Corporation,Industrials,40.82,26.17,1.8291216,1.12,37.51,51.92,5427884956.0,463066000.0,2.0803037,3.15,http://www.sec.gov/cgi-bin/browse-edgar?action=getcompany&CIK=FLS,Yes
FLR,Fluor Corp.,Industrials,55.31,19.9,1.4726508,1.99,37.0351,62.09,7978485059.0,709756000.0,0.5516402,2.4,http://www.sec.gov/cgi-bin/browse-edgar?action=getcompany&CIK=FLR,Yes
FMC,FMC Corporation,Materials,80.87,32.48,0.785995,1.56,56.53,98.7,11273961835.0,557800000.0,6.0089035,5.26,http://www.sec.gov/cgi-bin/browse-edgar?action=getcompany&CIK=FMC,Yes
F,Ford Motor,Consumer Discretionary,10.43,5.89,6.7843866,1.9,10.19,13.48,42414328338.0,9281000000.0,0.27054095,1.26,http://www.sec.gov/cgi-bin/browse-edgar?action=getcompany&CIK=F,Yes
FTV,Fortive Corp,Industrials,69.14,25.05,0.39057052,2.46,54.8844,76.68,24916503061.0,1508300000.0,5.1682673,7.17,http://www.sec.gov/cgi-bin/browse-edgar?action=getcompany&CIK=FTV,Yes
FBHS,Fortune Brands Home & Security,Industrials,62.44,20.27,1.2618296,3.04,55.25,73.62,9624169008.0,814500000.0,1.8434572,3.76,http://www.sec.gov/cgi-bin/browse-edgar?action=getcompany&CIK=FBHS,Yes
BEN,Franklin Resources,Financials,38.0,12.67,2.332657,3.0,37.01,47.65,21759187973.0,2711300000.0,3.399101,1.83,http://www.sec.gov/cgi-bin/browse-edgar?action=getcompany&CIK=BEN,Yes
FCX,Freeport-McMoRan Inc.,Materials,17.16,14.67,1.1198208,1.24,11.05,20.25,25853969330.0,5347000000.0,1.6538345,3.66,http://www.sec.gov/cgi-bin/browse-edgar?action=getcompany&CIK=FCX,Yes
GPS,Gap Inc.,Consumer Discretionary,31.17,15.35,2.8203557,1.69,21.02,35.68,12684517721.0,1959000000.0,1.1289738,3.93,http://www.sec.gov/cgi-bin/browse-edgar?action=getcompany&CIK=GPS,Yes
GRMN,Garmin Ltd.,Consumer Discretionary,61.13,21.23,3.2339885,2.69,48.5,64.96,11840331607.0,736798000.0,5.319881,3.14,http://www.sec.gov/cgi-bin/browse-edgar?action=getcompany&CIK=GRMN,Yes
IT,Gartner Inc,Information Technology,114.26,36.86,0.0,2.31,97.96,142.16,10828314389.0,234935000.0,4.894499,13.47,http://www.sec.gov/cgi-bin/browse-edgar?action=getcompany&CIK=IT,No
GD,General Dynamics,Industrials,206.05,20.71,1.5631542,9.55,181.94,229.54,64180390701.0,4618000000.0,2.0481362,5.45,http://www.sec.gov/cgi-bin/browse-edgar?action=getcompany&CIK=GD,Yes
GE,General Electric,Industrials,14.45,13.76,3.147541,-0.72,14.71,30.59,132249296250.0,-206000000.0,1.0887611,1.7,http://www.sec.gov/cgi-bin/browse-edgar?action=getcompany&CIK=GE,Yes
GGP,General Growth Properties Inc.,Real Estate,21.62,13.86,4.005462,1.34,18.83,25.72,21018887283.0,1740540000.0,17.003777,2.57,http://www.sec.gov/cgi-bin/browse-edgar?action=getcompany&CIK=GGP,Yes
GIS,General Mills,Consumer Staples,53.99,17.53,3.5864594,2.77,49.65,63.73,31098243069.0,3107600000.0,2.0389178,7.26,http://www.sec.gov/cgi-bin/browse-edgar?action=getcompany&CIK=GIS,Yes
GM,General Motors,Consumer Discretionary,40.75,6.58,3.5857513,6.0,31.92,46.76,61536606173.0,23541000000.0,0.5633218,1.33,http://www.sec.gov/cgi-bin/browse-edgar?action=getcompany&CIK=GM,Yes
GPC,Genuine Parts,Consumer Discretionary,96.31,21.17,2.7198548,4.6,79.86,107.75,14554321748.0,1201517000.0,1.212236,4.33,http://www.sec.gov/cgi-bin/browse-edgar?action=getcompany&CIK=GPC,Yes
GILD,Gilead Sciences,Health Care,78.22,8.16,2.754954,9.95,63.759,89.54,108106822109.0,17590000000.0,5.2087464,4.12,http://www.sec.gov/cgi-bin/browse-edgar?action=getcompany&CIK=GILD,Yes
GPN,Global Payments Inc.,Information Technology,100.59,27.86,0.037622273,1.58,76.47,113.26,16920023264.0,960345000.0,5.775833,4.73,http://www.sec.gov/cgi-bin/browse-edgar?action=getcompany&CIK=GPN,Yes
GS,Goldman Sachs Group,Financials,246.35,12.44,1.1668612,8.61,209.62,273.79,96978500251.0,0.0,2.309415,1.25,http://www.sec.gov/cgi-bin/browse-edgar?action=getcompany&CIK=GS,Yes
GT,Goodyear Tire & Rubber,Consumer Discretionary,30.75,9.92,1.6731402,4.74,28.81,37.2,8244568238.0,2044000000.0,0.72725976,1.65,http://www.sec.gov/cgi-bin/browse-edgar?action=getcompany&CIK=GT,Yes
GWW,Grainger (W.W.) Inc.,Industrials,258.6,22.57,1.9700643,10.02,155.0,298.145,14639308205.0,1279846000.0,1.3995146,8.1,http://www.sec.gov/cgi-bin/browse-edgar?action=getcompany&CIK=GWW,Yes
HAL,Halliburton Co.,Energy,47.41,38.86,1.4489837,-0.53,38.181,57.86,43356557470.0,2910000000.0,2.1424224,4.74,http://www.sec.gov/cgi-bin/browse-edgar?action=getcompany&CIK=HAL,Yes
HBI,Hanesbrands Inc,Consumer Discretionary,19.57,10.04,2.7322404,1.41,18.9,25.73,8006268615.0,926153000.0,1.6339768,6.17,http://www.sec.gov/cgi-bin/browse-edgar?action=getcompany&CIK=HBI,Yes
HOG,Harley-Davidson,Consumer Discretionary,47.54,13.7,3.0218647,2.98,44.52,63.4,8158949890.0,1058817000.0,1.66195,4.31,http://www.sec.gov/cgi-bin/browse-edgar?action=getcompany&CIK=HOG,Yes
HRS,Harris Corporation,Information Technology,149.84,26.38,1.4922442,4.43,104.16,160.67,18140726600.0,1368000000.0,2.9516637,5.88,http://www.sec.gov/cgi-bin/browse-edgar?action=getcompany&CIK=HRS,Yes
HIG,Hartford Financial Svc.Gp.,Financials,53.34,14.34,1.7901897,2.27,46.35,59.2,19926305632.0,0.0,1.3939538,1.15,http://www.sec.gov/cgi-bin/browse-edgar?action=getcompany&CIK=HIG,Yes
HAS,Hasbro Inc.,Consumer Discretionary,96.48,20.57,2.2304833,4.34,87.92,116.2,12732072001.0,1028425000.0,3.2375681,5.82,http://www.sec.gov/cgi-bin/browse-edgar?action=getcompany&CIK=HAS,Yes
HCP,HCP Inc.,Real Estate,22.64,10.99,6.330197,1.33,22.8,33.67,10967755538.0,1412684000.0,8.127109,1.97,http://www.sec.gov/cgi-bin/browse-edgar?action=getcompany&CIK=HCP,Yes
HP,Helmerich & Payne,Energy,64.87,-54.51,4.1499925,-1.2,42.16,75.02,7345243806.0,483673000.0,3.7385862,1.62,http://www.sec.gov/cgi-bin/browse-edgar?action=getcompany&CIK=HP,Yes
HSIC,Henry Schein,Health Care,70.85,19.85,0.0,3.1,65.28,93.495,11452961984.0,1033985000.0,1.262194,3.74,http://www.sec.gov/cgi-bin/browse-edgar?action=getcompany&CIK=HSIC,No
HES,Hess Corporation,Energy,43.0,-9.33,2.2670596,-19.94,37.25,55.48,14016129999.0,-819000000.0,3.780475,1.08,http://www.sec.gov/cgi-bin/browse-edgar?action=getcompany&CIK=HES,Yes
HPE,Hewlett Packard Enterprise,Information Technology,15.04,11.57,1.9280206,0.21,12.815,24.88,24800859640.0,3683000000.0,1.4609766,1.06,http://www.sec.gov/cgi-bin/browse-edgar?action=getcompany&CIK=HPE,Yes
HLT,Hilton Worldwide Holdings Inc,Consumer Discretionary,78.66,36.42,0.7315289,1.05,55.79,88.11,26242415796.0,2815000000.0,3.7628453,17.67,http://www.sec.gov/cgi-bin/browse-edgar?action=getcompany&CIK=HLT,Yes
HOLX,Hologic,Health Care,38.8,19.21,0.0,2.64,35.76,46.8,11181493750.0,1561000000.0,4.80335,4.0,http://www.sec.gov/cgi-bin/browse-edgar?action=getcompany&CIK=HOLX,No
HD,Home Depot,Consumer Discretionary,181.22,28.1,1.8610487,6.46,136.82,207.605,223378633329.0,16513000000.0,2.8964398,84.08,http://www.sec.gov/cgi-bin/browse-edgar?action=getcompany&CIK=HD,Yes
HON,Honeywell Int'l Inc.,Industrials,146.02,20.68,1.9710299,2.08,119.31,165.13,114422168609.0,8333000000.0,2.8267899,5.71,http://www.sec.gov/cgi-bin/browse-edgar?action=getcompany&CIK=HON,Yes
HRL,Hormel Foods Corp.,Consumer Staples,32.21,20.39,2.2907758,1.57,29.75,38.0,17338613096.0,1422305000.0,2.5174792,3.49,http://www.sec.gov/cgi-bin/browse-edgar?action=getcompany&CIK=HRL,Yes
HST,Host Hotels & Resorts,Real Estate,18.75,11.23,4.1131105,1.02,17.26,21.53,14394715334.0,1547000000.0,3.5549128,2.02,http://www.sec.gov/cgi-bin/browse-edgar?action=getcompany&CIK=HST,Yes
HPQ,HP Inc.,Information Technology,19.92,12.07,2.6270628,1.49,15.39,24.1,34895294088.0,3700000000.0,0.8954903,0.66,http://www.sec.gov/cgi-bin/browse-edgar?action=getcompany&CIK=HPQ,Yes
HUM,Humana Inc.,Health Care,262.37,22.39,0.6040015,4.06,189.01,293.35,36973617235.0,0.0,0.9256895,3.33,http://www.sec.gov/cgi-bin/browse-edgar?action=getcompany&CIK=HUM,Yes
HBAN,Huntington Bancshares,Financials,15.1,15.41,2.8132992,1.0,12.14,16.53,16766497291.0,0.0,3.5112102,1.72,http://www.sec.gov/cgi-bin/browse-edgar?action=getcompany&CIK=HBAN,Yes
HII,Huntington Ingalls Industries,Industrials,225.37,18.75,1.2264713,12.15,183.42,253.44,10628247899.0,1107000000.0,1.8924941,6.04,http://www.sec.gov/cgi-bin/browse-edgar?action=getcompany&CIK=HII,Yes
IDXX,IDEXX Laboratories,Health Care,169.28,53.57,0.0,2.94,140.63,198.73,15422885020.0,478307000.0,7.97525,196.21,http://www.sec.gov/cgi-bin/browse-edgar?action=getcompany&CIK=IDXX,No
INFO,IHS Markit Ltd.,Industrials,43.73,26.19,0.0,1.0,37.82,49.19,17969275816.0,1018900000.0,5.0604,2.24,http://www.sec.gov/cgi-bin/browse-edgar?action=getcompany&CIK=INFO,No
ITW,Illinois Tool Works,Industrials,156.15,23.62,1.9089574,4.86,126.52,179.07,55994378108.0,3924000000.0,3.9286149,10.99,http://www.sec.gov/cgi-bin/browse-edgar?action=getcompany&CIK=ITW,Yes
ILMN,Illumina Inc,Health Care,209.54,52.25,0.0,4.92,158.0203,248.97,32295200000.0,1192000000.0,11.713953,10.89,http://www.sec.gov/cgi-bin/browse-edgar?action=getcompany&CIK=ILMN,No
INCY,Incyte,Health Care,83.92,-119.89,0.0,0.54,84.21,153.15,18220961259.0,-81686000.0,17.02699,10.25,http://www.sec.gov/cgi-bin/browse-edgar?action=getcompany&CIK=INCY,No
IR,Ingersoll-Rand PLC,Industrials,87.6,19.38,1.9739007,5.07,77.26,97.67,22785450609.0,1987100000.0,1.6147361,3.34,http://www.sec.gov/cgi-bin/browse-edgar?action=getcompany&CIK=IR,Yes
INTC,Intel Corp.,Information Technology,42.75,12.32,2.6548672,1.98,33.23,50.85,211536000000.0,26247000000.0,3.348876,3.34,http://www.sec.gov/cgi-bin/browse-edgar?action=getcompany&CIK=INTC,Yes
ICE,Intercontinental Exchange,Financials,67.0,22.95,5.4298644,2.37,56.8,76.1378,41373051167.0,3103000000.0,9.619987,2.62,http://www.sec.gov/cgi-bin/browse-edgar?action=getcompany&CIK=ICE,Yes
IBM,International Business Machines,Information Technology,147.59,10.67,3.8999026,6.11,139.13,182.79,142433003505.0,16557000000.0,1.817167,7.7,http://www.sec.gov/cgi-bin/browse-edgar?action=getcompany&CIK=IBM,Yes
IP,International Paper,Materials,56.05,15.57,3.206751,5.14,49.6,66.94,24465996443.0,3004000000.0,1.0738261,4.99,http://www.sec.gov/cgi-bin/browse-edgar?action=getcompany&CIK=IP,Yes
IPG,Interpublic Group,Consumer Discretionary,21.34,15.46,3.3802817,1.49,18.3,25.71,8277363031.0,1074900000.0,1.4712903,4.01,http://www.sec.gov/cgi-bin/browse-edgar?action=getcompany&CIK=IPG,Yes
IFF,Intl Flavors & Fragrances,Materials,138.0,24.17,1.9341276,5.05,116.3,157.4,11270040447.0,699963000.0,4.4208813,6.34,http://www.sec.gov/cgi-bin/browse-edgar?action=getcompany&CIK=IFF,Yes
INTU,Intuit Inc.,Information Technology,152.75,40.52,0.96720195,3.72,111.9,170.59,41233771565.0,1654000000.0,9.633731,33.5,http://www.sec.gov/cgi-bin/browse-edgar?action=getcompany&CIK=INTU,Yes
ISRG,Intuitive Surgical Inc.,Health Care,381.87,48.58,0.0,5.67,233.10643,452.0,44866621303.0,1153700000.0,14.655261,9.48,http://www.sec.gov/cgi-bin/browse-edgar?action=getcompany&CIK=ISRG,No
IVZ,Invesco Ltd.,Financials,31.92,11.87,3.466826,2.74,29.36,38.43,13620847614.0,1606200000.0,2.6513786,1.62,http://www.sec.gov/cgi-bin/browse-edgar?action=getcompany&CIK=IVZ,Yes
IQV,IQVIA Holdings Inc.,Health Care,95.23,21.74,0.0,0.76,75.94,110.67,20426488713.0,1542000000.0,2.8477087,2.77,http://www.sec.gov/cgi-bin/browse-edgar?action=getcompany&CIK=IQV,No
IRM,Iron Mountain Incorporated,Real Estate,32.07,15.42,7.08258,0.46,32.05,41.53,9410249279.0,1116140000.0,3.2898626,4.97,http://www.sec.gov/cgi-bin/browse-edgar?action=getcompany&CIK=IRM,Yes
JBHT,J. B. Hunt Transport Services,Industrials,114.81,30.62,0.8139042,6.19,83.35,126.49,12945366350.0,1007309000.0,1.7697402,8.55,http://www.sec.gov/cgi-bin/browse-edgar?action=getcompany&CIK=JBHT,Yes
JEC,Jacobs Engineering Group,Industrials,62.82,19.45,0.9089532,2.43,49.31,72.18,9326484316.0,409832000.0,1.2129636,2.01,http://www.sec.gov/cgi-bin/browse-edgar?action=getcompany&CIK=JEC,Yes
SJM,JM Smucker,Consumer Staples,118.37,15.35,2.6036885,5.1,99.565,143.68,13612394896.0,1411300000.0,2.496677,1.88,http://www.sec.gov/cgi-bin/browse-edgar?action=getcompany&CIK=SJM,Yes
JNJ,Johnson & Johnson,Health Care,126.36,17.31,2.5566885,0.39,113.15,148.32,353062464971.0,22430000000.0,4.6326222,4.74,http://www.sec.gov/cgi-bin/browse-edgar?action=getcompany&CIK=JNJ,Yes
JCI,Johnson Controls International,Industrials,36.55,14.0,2.7659574,1.71,34.51,44.37,34822224800.0,4295000000.0,1.1415336,1.69,http://www.sec.gov/cgi-bin/browse-edgar?action=getcompany&CIK=JCI,Yes
JPM,JPMorgan Chase & Co.,Financials,107.88,15.43,1.9845841,6.3,81.635,117.3529,386613611000.0,0.0,3.3714993,1.6,http://www.sec.gov/cgi-bin/browse-edgar?action=getcompany&CIK=JPM,Yes
JNPR,Juniper Networks,Information Technology,24.66,14.09,1.5754234,0.78,23.87,30.96,9267350000.0,1115500000.0,1.8543326,1.78,http://www.sec.gov/cgi-bin/browse-edgar?action=getcompany&CIK=JNPR,Yes
KSU,Kansas City Southern,Industrials,103.53,19.8,1.3445379,9.16,81.54,114.85,11037040988.0,1295400000.0,4.281897,2.39,http://www.sec.gov/cgi-bin/browse-edgar?action=getcompany&CIK=KSU,Yes
K,Kellogg Co.,Consumer Staples,65.98,16.5,3.363962,1.95,58.76,76.69,22182794875.0,1827000000.0,2.3173764,11.5,http://www.sec.gov/cgi-bin/browse-edgar?action=getcompany&CIK=K,Yes
KEY,KeyCorp,Financials,20.08,14.66,1.9876952,1.12,16.28,22.22,22589744920.0,0.0,3.270451,1.55,http://www.sec.gov/cgi-bin/browse-edgar?action=getcompany&CIK=KEY,Yes
KMB,Kimberly-Clark,Consumer Staples,111.69,17.93,3.5599859,6.41,109.67,136.21,39449596000.0,4033000000.0,2.1947837,151.66,http://www.sec.gov/cgi-bin/browse-edgar?action=getcompany&CIK=KMB,Yes
KIM,Kimco Realty,Real Estate,14.01,9.28,7.7134986,0.8,14.33,25.15,6180487499.0,701190000.0,7.0508943,1.2,http://www.sec.gov/cgi-bin/browse-edgar?action=getcompany&CIK=KIM,Yes
KMI,Kinder Morgan,Energy,16.8,25.07,2.891845,0.01,16.56,22.75,38612712234.0,5981000000.0,2.823936,1.07,http://www.sec.gov/cgi-bin/browse-edgar?action=getcompany&CIK=KMI,Yes
KLAC,KLA-Tencor Corp.,Information Technology,98.54,16.59,2.2988505,5.88,86.33,121.65,16078622033.0,1506642000.0,4.3395863,12.93,http://www.sec.gov/cgi-bin/browse-edgar?action=getcompany&CIK=KLAC,Yes
KSS,Kohl's Corp.,Consumer Discretionary,60.34,16.01,3.4965036,3.12,35.16,69.14,10570861198.0,2286000000.0,0.8557757,2.04,http://www.sec.gov/cgi-bin/browse-edgar?action=getcompany&CIK=KSS,Yes
KHC,Kraft Heinz Co,Consumer Staples,71.58,20.11,3.3990483,2.81,72.05,97.77,89618309338.0,7832000000.0,4.6780853,1.54,http://www.sec.gov/cgi-bin/browse-edgar?action=getcompany&CIK=KHC,Yes
KR,Kroger Co.,Consumer Staples,27.57,13.07,1.7301039,2.05,19.69,34.75,25471355847.0,5342000000.0,0.27961263,4.02,http://www.sec.gov/cgi-bin/browse-edgar?action=getcompany&CIK=KR,Yes
LB,L Brands Inc.,Consumer Discretionary,47.77,12.77,4.886988,3.98,35.0,63.1,13862042842.0,2329000000.0,1.7060977,1403.38,http://www.sec.gov/cgi-bin/browse-edgar?action=getcompany&CIK=LB,Yes
LLL,L-3 Communications Holdings,Industrials,198.79,23.14,1.4444605,8.51,159.43,218.705,16229343134.0,1137000000.0,1.4884604,3.12,http://www.sec.gov/cgi-bin/browse-edgar?action=getcompany&CIK=LLL,Yes
LH,Laboratory Corp. of America Holding,Health Care,165.46,17.79,0.0,7.02,130.292,181.715,17271388000.0,1861200000.0,2.2459624,2.71,http://www.sec.gov/cgi-bin/browse-edgar?action=getcompany&CIK=LH,No
LRCX,Lam Research,Information Technology,162.23,16.29,1.1652974,9.22,113.1982,219.7,27967534829.0,2967218000.0,3.0405293,4.52,http://www.sec.gov/cgi-bin/browse-edgar?action=getcompany&CIK=LRCX,Yes
LEG,Leggett & Platt,Consumer Discretionary,43.99,17.88,3.1454785,2.76,42.0,54.97,6034600480.0,447000000.0,2.0302901,4.89,http://www.sec.gov/cgi-bin/browse-edgar?action=getcompany&CIK=LEG,Yes
LEN,Lennar Corp.,Consumer Discretionary,59.11,15.35,0.26268265,3.38,43.647053,72.17,14615967194.0,1405319000.0,1.1468264,1.76,http://www.sec.gov/cgi-bin/browse-edgar?action=getcompany&CIK=LEN,Yes
LUK,Leucadia National Corp.,Financials,23.86,15.39,1.5993602,0.33,22.23,28.3,8910389431.0,2201336000.0,1.0410156,0.84,http://www.sec.gov/cgi-bin/browse-edgar?action=getcompany&CIK=LUK,Yes
LLY,Lilly (Eli) & Co.,Health Care,74.21,17.34,2.9327424,-0.2,75.71,89.09,84475986228.0,3459800000.0,3.754678,5.73,http://www.sec.gov/cgi-bin/browse-edgar?action=getcompany&CIK=LLY,Yes
LNC,Lincoln National,Financials,73.86,9.49,1.6813145,9.24,61.45,86.68,17123031000.0,0.0,1.201944,1.04,http://www.sec.gov/cgi-bin/browse-edgar?action=getcompany&CIK=LNC,Yes
LKQ,LKQ Corporation,Consumer Discretionary,38.86,21.35,0.0,1.5,27.85,43.8599,12469931896.0,1065614000.0,1.723609,3.02,http://www.sec.gov/cgi-bin/browse-edgar?action=getcompany&CIK=LKQ,No
LMT,Lockheed Martin Corp.,Industrials,334.3,24.28,2.315954,6.83,256.4,361.79,98102120000.0,7115000000.0,1.8781451,45.55,http://www.sec.gov/cgi-bin/browse-edgar?action=getcompany&CIK=LMT,Yes
L,Loews Corp.,Financials,46.05,15.99,4.5131636,1.93,45.01,53.59,16111166935.0,0.0,1.5809761,0.85,http://www.sec.gov/cgi-bin/browse-edgar?action=getcompany&CIK=L,Yes
LOW,Lowe's Cos.,Consumer Discretionary,95.01,23.87,1.6413131,3.46,70.76,108.98,82909678852.0,7858000000.0,1.5653384,14.1,http://www.sec.gov/cgi-bin/browse-edgar?action=getcompany&CIK=LOW,Yes
LYB,LyondellBasell,Materials,105.79,10.35,3.264714,12.25,78.01,121.95,43556650000.0,6851000000.0,1.3037612,5.86,http://www.sec.gov/cgi-bin/browse-edgar?action=getcompany&CIK=LYB,Yes
MTB,M&T Bank Corp.,Financials,178.35,18.91,1.6218846,8.69,141.12,193.85,27840827434.0,0.0,4.6277885,1.79,http://www.sec.gov/cgi-bin/browse-edgar?action=getcompany&CIK=MTB,Yes
MAC,Macerich,Real Estate,58.36,14.81,4.9177604,3.43,52.12,69.73,8473119166.0,503183000.0,11.394877,2.24,http://www.sec.gov/cgi-bin/browse-edgar?action=getcompany&CIK=MAC,Yes
M,Macy's Inc.,Consumer Discretionary,24.0,7.67,6.098546,1.98,17.405,33.73,7541063495.0,2446000000.0,0.45503208,1.69,http://www.sec.gov/cgi-bin/browse-edgar?action=getcompany&CIK=M,Yes
MPC,Marathon Petroleum,Energy,62.79,16.06,2.8268552,6.85,47.39,73.53,31633740000.0,5978000000.0,0.42713487,2.43,http://www.sec.gov/cgi-bin/browse-edgar?action=getcompany&CIK=MPC,Yes
MAR,Marriott Int'l.,Consumer Discretionary,133.88,32.73,0.9452879,2.67,85.3725,149.21,50910130358.0,2620000000.0,2.9997249,11.02,http://www.sec.gov/cgi-bin/browse-edgar?action=getcompany&CIK=MAR,Yes
MMC,Marsh & McLennan,Financials,79.31,20.23,1.8257059,2.87,69.33,86.54,41819440000.0,3236000000.0,2.9848945,5.85,http://www.sec.gov/cgi-bin/browse-edgar?action=getcompany&CIK=MMC,Yes
MLM,Martin Marietta Materials,Materials,208.42,30.38,0.8042038,6.63,191.09,244.32,13756812736.0,975223000.0,4.416998,3.03,http://www.sec.gov/cgi-bin/browse-edgar?action=getcompany&CIK=MLM,Yes
MAS,Masco Corp.,Industrials,40.7,22.12,0.98383695,1.47,31.29,46.445,13428792315.0,1179000000.0,2.308266,11.93,http://www.sec.gov/cgi-bin/browse-edgar?action=getcompany&CIK=MAS,Yes
MA,Mastercard Inc.,Information Technology,160.62,34.99,0.5926628,3.65,105.8,177.11,187102014193.0,7113000000.0,15.020556,26.93,http://www.sec.gov/cgi-bin/browse-edgar?action=getcompany&CIK=MA,Yes
MAT,Mattel Inc.,Consumer Discretionary,16.0,-14.68,0.0,-3.06,12.71,26.3,5843402350.0,-203599000.0,1.1863722,3.87,http://www.sec.gov/cgi-bin/browse-edgar?action=getcompany&CIK=MAT,No
MKC,McCormick & Co.,Consumer Staples,101.36,23.91,2.0261056,3.73,90.25,109.67,13459353253.0,815700000.0,2.7788277,5.2,http://www.sec.gov/cgi-bin/browse-edgar?action=getcompany&CIK=MKC,Yes
MCD,McDonald's Corp.,Consumer Discretionary,158.97,23.83,2.437994,6.36,124.36,178.7,132101623787.0,10515400000.0,5.770237,146.07,http://www.sec.gov/cgi-bin/browse-edgar?action=getcompany&CIK=MCD,Yes
MCK,McKesson Corp.,Health Care,150.23,11.68,0.8898776,22.74,133.82,178.86,31534840262.0,7232000000.0,0.15318617,2.68,http://www.sec.gov/cgi-bin/browse-edgar?action=getcompany&CIK=MCK,Yes
MDT,Medtronic plc,Health Care,78.38,17.04,2.2618315,2.89,75.44,89.72,110107062300.0,9204000000.0,4.944542,2.14,http://www.sec.gov/cgi-bin/browse-edgar?action=getcompany&CIK=MDT,Yes
MRK,Merck & Co.,Health Care,54.73,13.75,3.435934,1.4,53.63,66.8,152241530340.0,8715000000.0,5.0893345,4.02,http://www.sec.gov/cgi-bin/browse-edgar?action=getcompany&CIK=MRK,Yes
MET,MetLife Inc.,Financials,44.28,8.52,3.4587116,0.63,44.58,56.58,48679364276.0,0.0,1.0496864,0.85,http://www.sec.gov/cgi-bin/browse-edgar?action=getcompany&CIK=MET,Yes
MTD,Mettler Toledo,Health Care,601.0,35.56,0.0,14.24,459.34,697.26,16420774443.0,666706000.0,8.372307,31.69,http://www.sec.gov/cgi-bin/browse-edgar?action=getcompany&CIK=MTD,No
MGM,MGM Resorts International,Consumer Discretionary,33.5,29.65,1.2687428,1.92,25.15,38.41,19633674337.0,2680385000.0,2.2276719,3.09,http://www.sec.gov/cgi-bin/browse-edgar?action=getcompany&CIK=MGM,Yes
KORS,Michael Kors Holdings,Consumer Discretionary,60.03,14.29,0.0,3.31,32.38,69.95,10053919023.0,456600000.0,3.1455927,5.4,http://www.sec.gov/cgi-bin/browse-edgar?action=getcompany&CIK=KORS,No
MCHP,Microchip Technology,Information Technology,79.9,21.77,1.7512966,0.66,69.76,99.17,19393095636.0,997492000.0,7.4475183,5.9,http://www.sec.gov/cgi-bin/browse-edgar?action=getcompany&CIK=MCHP,Yes
MU,Micron Technology,Information Technology,40.0,9.01,0.0,4.36,22.64,49.89,48576791974.0,12541000000.0,2.1912806,2.02,http://www.sec.gov/cgi-bin/browse-edgar?action=getcompany&CIK=MU,No
MSFT,Microsoft Corp.,Information Technology,85.01,25.76,1.8747908,2.97,63.22,96.07,689978437468.0,41079000000.0,7.1130967,9.49,http://www.sec.gov/cgi-bin/browse-edgar?action=getcompany&CIK=MSFT,Yes
MAA,Mid-America Apartments,Real Estate,85.39,14.38,4.19652,2.86,86.95,110.95,9992628990.0,871483000.0,6.6291075,1.6,http://www.sec.gov/cgi-bin/browse-edgar?action=getcompany&CIK=MAA,Yes
MHK,Mohawk Industries,Consumer Discretionary,256.57,19.08,0.0,12.48,209.9,286.85,19897356456.0,1750393000.0,2.7977824,2.88,http://www.sec.gov/cgi-bin/browse-edgar?action=getcompany&CIK=MHK,No
TAP,Molson Coors Brewing Company,Consumer Staples,74.51,17.66,2.1533613,9.27,75.79,102.14,12396862128.0,4708400000.0,1.2371694,1.34,http://www.sec.gov/cgi-bin/browse-edgar?action=getcompany&CIK=TAP,Yes
MDLZ,Mondelez International,Consumer Staples,42.68,19.85,1.9977299,1.91,39.19,47.23,65827817742.0,4355000000.0,2.5708609,2.52,http://www.sec.gov/cgi-bin/browse-edgar?action=getcompany&CIK=MDLZ,Yes
MON,Monsanto Co.,Materials,119.08,21.53,1.7938709,5.09,106.97,123.15,53076824328.0,4217000000.0,3.589782,7.96,http://www.sec.gov/cgi-bin/browse-edgar?action=getcompany&CIK=MON,Yes
MNST,Monster Beverage,Consumer Staples,61.99,42.17,0.0,1.19,41.02,70.215,36403831015.0,1229478000.0,14.152587,9.56,http://www.sec.gov/cgi-bin/browse-edgar?action=getcompany&CIK=MNST,No
MCO,Moody's Corp,Financials,152.14,26.55,1.114065,1.35,106.48,167.23,30189978000.0,1238000000.0,9.932974,73.84,http://www.sec.gov/cgi-bin/browse-edgar?action=getcompany&CIK=MCO,Yes
MS,Morgan Stanley,Financials,51.79,14.23,1.8331805,3.09,40.06,58.05,97535400000.0,0.0,2.2258842,1.33,http://www.sec.gov/cgi-bin/browse-edgar?action=getcompany&CIK=MS,Yes
MSI,Motorola Solutions Inc.,Information Technology,98.74,19.03,2.0266979,-1.08,77.23,107.78,16626039679.0,1629000000.0,2.6092634,6.81,http://www.sec.gov/cgi-bin/browse-edgar?action=getcompany&CIK=MSI,Yes
MYL,Mylan N.V.,Health Care,39.25,8.35,0.0,0.93,29.39,47.82,21698849265.0,3113300000.0,2.5358944,1.63,http://www.sec.gov/cgi-bin/browse-edgar?action=getcompany&CIK=MYL,No
NDAQ,"Nasdaq, Inc.",Financials,75.21,17.78,1.9671283,4.32,65.98,83.29,12844304115.0,1212000000.0,3.2591083,2.25,http://www.sec.gov/cgi-bin/browse-edgar?action=getcompany&CIK=NDAQ,Yes
NOV,National Oilwell Varco Inc.,Energy,32.64,-77.71,0.5873715,-6.4,29.9,41.895,12940096785.0,353000000.0,2.5209634,0.91,http://www.sec.gov/cgi-bin/browse-edgar?action=getcompany&CIK=NOV,Yes
NAVI,Navient,Financials,13.38,7.56,4.5584044,1.01,11.481,16.97,3692691330.0,0.0,0.6986579,1.02,http://www.sec.gov/cgi-bin/browse-edgar?action=getcompany&CIK=NAVI,Yes
NTAP,NetApp,Information Technology,55.85,26.1,1.3881658,1.81,37.43,64.0599,15375210915.0,1075000000.0,3.6687026,5.46,http://www.sec.gov/cgi-bin/browse-edgar?action=getcompany&CIK=NTAP,Yes
NFLX,Netflix Inc.,Information Technology,250.1,200.08,0.0,1.25,138.26,286.81,114805404842.0,809028000.0,9.861594,30.8,http://www.sec.gov/cgi-bin/browse-edgar?action=getcompany&CIK=NFLX,No
NWL,Newell Brands,Consumer Discretionary,27.91,9.72,3.1228786,1.17,23.85,55.08,14438346000.0,2021400000.0,1.2810479,1.01,http://www.sec.gov/cgi-bin/browse-edgar?action=getcompany&CIK=NWL,Yes
NFX,Newfield Exploration Co,Energy,26.38,13.12,0.0,-6.5,24.41,43.74,5695123080.0,896000000.0,4.703259,4.51,http://www.sec.gov/cgi-bin/browse-edgar?action=getcompany&CIK=NFX,No
NEM,Newmont Mining Corporation,Materials,36.61,26.34,0.8101539,-1.18,31.42,42.04,19749449484.0,1509000000.0,3.7076392,1.81,http://www.sec.gov/cgi-bin/browse-edgar?action=getcompany&CIK=NEM,Yes
NWSA,News Corp. Class A,Consumer Discretionary,15.65,43.47,1.24533,-1.28,12.0,17.29,9356906461.0,679000000.0,1.5518167,0.85,http://www.sec.gov/cgi-bin/browse-edgar?action=getcompany&CIK=NWSA,Yes
NWS,News Corp. Class B,Consumer Discretionary,15.85,44.03,1.2269939,-1.28,12.35,17.7,9496735699.0,679000000.0,1.5718216,0.86,http://www.sec.gov/cgi-bin/browse-edgar?action=getcompany&CIK=NWS,Yes
NEE,NextEra Energy,Utilities,145.29,21.65,2.6537917,11.39,124.18,159.64,69661177770.0,9018000000.0,4.091698,2.75,http://www.sec.gov/cgi-bin/browse-edgar?action=getcompany&CIK=NEE,Yes
NLSN,Nielsen Holdings,Industrials,33.9,18.73,3.6208732,1.39,34.22,45.73,13377670080.0,1836000000.0,2.7288198,3.02,http://www.sec.gov/cgi-bin/browse-edgar?action=getcompany&CIK=NLSN,Yes
NKE,Nike,Consumer Discretionary,62.49,24.9,1.2189548,2.51,50.35,68.83,106776113744.0,5162000000.0,3.0549932,8.91,http://www.sec.gov/cgi-bin/browse-edgar?action=getcompany&CIK=NKE,Yes
NI,NiSource Inc.,Utilities,22.51,19.57,3.3780859,1.02,21.93,27.76,7776566371.0,1448600000.0,2.2361343,1.82,http://www.sec.gov/cgi-bin/browse-edgar?action=getcompany&CIK=NI,Yes
NBL,Noble Energy Inc,Energy,25.43,105.96,1.4771049,-2.32,22.985,39.6,13177325251.0,-518000000.0,4.6976447,1.44,http://www.sec.gov/cgi-bin/browse-edgar?action=getcompany&CIK=NBL,Yes
JWN,Nordstrom,Consumer Discretionary,47.23,15.04,3.0020285,2.02,37.7924,53.0,8212509855.0,1448000000.0,0.74603415,9.1,http://www.sec.gov/cgi-bin/browse-edgar?action=getcompany&CIK=JWN,Yes
NSC,Norfolk Southern Corp.,Industrials,136.89,20.65,2.018503,18.73,109.27,157.1499,40543547441.0,4737000000.0,3.8525908,3.09,http://www.sec.gov/cgi-bin/browse-edgar?action=getcompany&CIK=NSC,Yes
NTRS,Northern Trust Corp.,Financials,96.2,19.96,1.6678249,4.92,83.17,108.91,22908130223.0,0.0,4.031728,2.44,http://www.sec.gov/cgi-bin/browse-edgar?action=getcompany&CIK=NTRS,Yes
NOC,Northrop Grumman Corp.,Industrials,324.01,24.4,1.3030859,11.47,231.98,349.18,58782413951.0,3884000000.0,2.209576,7.96,http://www.sec.gov/cgi-bin/browse-edgar?action=getcompany&CIK=NOC,Yes
NCLH,Norwegian Cruise Line,Consumer Discretionary,56.01,15.35,0.0,2.78,46.96,61.48,13191507318.0,1529401000.0,3.2066104,2.35,http://www.sec.gov/cgi-bin/browse-edgar?action=getcompany&CIK=NCLH,No
NRG,NRG Energy,Utilities,24.0,17.78,1.4195584,-2.23,14.52,29.78,8030036023.0,1774000000.0,0.9933021,6.73,http://www.sec.gov/cgi-bin/browse-edgar?action=getcompany&CIK=NRG,Yes
NUE,Nucor Corp.,Materials,60.38,17.01,2.415766,4.1,51.67,70.48,20003317128.0,2648729000.0,0.99837583,2.34,http://www.sec.gov/cgi-bin/browse-edgar?action=getcompany&CIK=NUE,Yes
NVDA,Nvidia Corporation,Information Technology,217.52,82.08,0.26223776,2.57,95.17,249.27,138652800000.0,3098000000.0,20.094294,20.39,http://www.sec.gov/cgi-bin/browse-edgar?action=getcompany&CIK=NVDA,Yes
ORLY,O'Reilly Automotive,Consumer Discretionary,252.22,21.91,0.0,10.73,169.43,279.23,21433781860.0,1965187000.0,3.1934319,34.12,http://www.sec.gov/cgi-bin/browse-edgar?action=getcompany&CIK=ORLY,No
OMC,Omnicom Group,Consumer Discretionary,75.91,15.27,3.1838684,4.79,65.32,86.71,17377551986.0,2366000000.0,1.5327156,6.66,http://www.sec.gov/cgi-bin/browse-edgar?action=getcompany&CIK=OMC,Yes
OKE,ONEOK,Energy,54.4,34.0,5.4436197,1.66,47.14,61.36,21988472489.0,1851783000.0,2.6159565,4.03,http://www.sec.gov/cgi-bin/browse-edgar?action=getcompany&CIK=OKE,Yes
ORCL,Oracle Corp.,Information Technology,46.84,18.81,1.5551463,2.2,40.01,53.14,202302349740.0,16545000000.0,5.2561646,3.56,http://www.sec.gov/cgi-bin/browse-edgar?action=getcompany&CIK=ORCL,Yes
PCAR,PACCAR Inc.,Industrials,66.98,15.72,1.455816,4.75,61.93,79.69,24152102921.0,3619200000.0,1.28693,3.07,http://www.sec.gov/cgi-bin/browse-edgar?action=getcompany&CIK=PCAR,Yes
PKG,Packaging Corporation of America,Materials,111.95,18.57,2.1514556,7.07,88.47,131.1316,11051273948.0,1214900000.0,1.741522,5.54,http://www.sec.gov/cgi-bin/browse-edgar?action=getcompany&CIK=PKG,Yes
PH,Parker-Hannifin,Industrials,174.51,21.6,1.4401833,7.24,145.38,212.8,24421668509.0,2092089000.0,1.8652664,4.39,http://www.sec.gov/cgi-bin/browse-edgar?action=getcompany&CIK=PH,Yes
PDCO,Patterson Companies,Health Care,32.88,14.05,3.0723782,1.79,32.07,48.295,3209792400.0,359644000.0,0.7872792,2.34,http://www.sec.gov/cgi-bin/browse-edgar?action=getcompany&CIK=PDCO,Yes
PAYX,Paychex Inc.,Information Technology,61.86,27.49,3.0892801,2.26,54.2,73.1,23253666810.0,1414900000.0,7.248487,11.77,http://www.sec.gov/cgi-bin/browse-edgar?action=getcompany&CIK=PAYX,Yes
PYPL,PayPal,Information Technology,72.32,49.53,0.0,1.47,39.92,86.32,90708000000.0,2932000000.0,6.935696,5.81,http://www.sec.gov/cgi-bin/browse-edgar?action=getcompany&CIK=PYPL,No
PNR,Pentair Ltd.,Industrials,66.67,18.89,2.03933,3.63,57.63,74.84,12466660892.0,863700000.0,2.5191512,2.48,http://www.sec.gov/cgi-bin/browse-edgar?action=getcompany&CIK=PNR,Yes
PBCT,People's United Financial,Financials,18.56,18.02,3.59375,0.97,15.965,20.14,6527616000.0,0.0,3.9272704,1.17,http://www.sec.gov/cgi-bin/browse-edgar?action=getcompany&CIK=PBCT,Yes
PKI,PerkinElmer,Health Care,72.06,24.68,0.3695394,2.64,52.63,84.49,8351767268.0,445658000.0,3.7116463,3.25,http://www.sec.gov/cgi-bin/browse-edgar?action=getcompany&CIK=PKI,Yes
PFE,Pfizer Inc.,Health Care,33.63,12.69,3.8879359,3.51,31.67,39.43,208505541949.0,20569000000.0,4.0020885,3.4,http://www.sec.gov/cgi-bin/browse-edgar?action=getcompany&CIK=PFE,Yes
PCG,PG&E Corp.,Utilities,38.24,8.75,0.0,2.78,38.45,71.57,20309412381.0,6471000000.0,1.5730644,1.09,http://www.sec.gov/cgi-bin/browse-edgar?action=getcompany&CIK=PCG,No
PM,Philip Morris International,Consumer Staples,100.39,22.36,4.328479,4.48,96.66,123.55,153580671803.0,11802000000.0,2.7574685,1318.7,http://www.sec.gov/cgi-bin/browse-edgar?action=getcompany&CIK=PM,Yes
PSX,Phillips 66,Energy,92.44,21.11,2.928564,9.93,75.135,107.47,47996220000.0,5311000000.0,0.47499472,2.12,http://www.sec.gov/cgi-bin/browse-edgar?action=getcompany&CIK=PSX,Yes
PNW,Pinnacle West Capital,Utilities,74.34,16.06,3.698776,3.95,73.81,92.48,8397609889.0,1614399000.0,2.9931207,1.65,http://www.sec.gov/cgi-bin/browse-edgar?action=getcompany&CIK=PNW,Yes
PXD,Pioneer Natural Resources,Energy,169.16,118.29,0.1816118,-3.39,125.46,199.83,29983119693.0,1717000000.0,6.7890477,2.76,http://www.sec.gov/cgi-bin/browse-edgar?action=getcompany&CIK=PXD,Yes
PNC,PNC Financial Services,Financials,149.38,17.55,1.9354838,10.4,115.25,160.07,73315000000.0,0.0,4.04653,1.53,http://www.sec.gov/cgi-bin/browse-edgar?action=getcompany&CIK=PNC,Yes
RL,Polo Ralph Lauren Corp.,Consumer Discretionary,101.32,17.74,1.8570102,-1.19,66.06,119.33,8753430477.0,506100000.0,1.3948758,2.44,http://www.sec.gov/cgi-bin/browse-edgar?action=getcompany&CIK=RL,Yes
PPG,PPG Industries,Materials,110.3,18.73,1.5771489,6.31,99.57,122.0697,29043337549.0,2585000000.0,1.9551051,4.83,http://www.sec.gov/cgi-bin/browse-edgar?action=getcompany&CIK=PPG,Yes
PPL,PPL Corp.,Utilities,29.52,12.83,5.2196894,2.79,29.205,40.2,20839814845.0,3937000000.0,3.7497053,1.95,http://www.sec.gov/cgi-bin/browse-edgar?action=getcompany&CIK=PPL,Yes
PX,Praxair Inc.,Materials,144.07,24.63,2.1998534,4.32,115.53,166.95,42948664203.0,3632000000.0,3.887915,6.88,http://www.sec.gov/cgi-bin/browse-edgar?action=getcompany&CIK=PX,Yes
PCLN,Priceline.com Inc,Consumer Discretionary,1806.06,24.26,0.0,42.66,1589.0,2067.99,91817448863.0,4803487000.0,9.176564,6.92,http://www.sec.gov/cgi-bin/browse-edgar?action=getcompany&CIK=PCLN,No
PFG,Principal Financial Group,Financials,60.38,11.96,3.1914895,4.5,58.9401,75.585,18457199721.0,0.0,1.7167546,1.53,http://www.sec.gov/cgi-bin/browse-edgar?action=getcompany&CIK=PFG,Yes
PG,Procter & Gamble,Consumer Staples,80.22,20.46,3.3704789,5.6,80.1,94.67,206318943299.0,17249000000.0,3.1595004,3.85,http://www.sec.gov/cgi-bin/browse-edgar?action=getcompany&CIK=PG,Yes
PGR,Progressive Corp.,Financials,51.07,20.76,2.1061797,2.73,36.84,58.25,31062780000.0,0.0,1.1458876,3.25,http://www.sec.gov/cgi-bin/browse-edgar?action=getcompany&CIK=PGR,Yes
PLD,Prologis,Real Estate,58.33,20.76,2.931379,3.06,48.69,67.53,31953288000.0,2969194000.0,14.380373,2.11,http://www.sec.gov/cgi-bin/browse-edgar?action=getcompany&CIK=PLD,Yes
PRU,Prudential Financial,Financials,103.38,9.99,2.6985698,9.73,97.88,127.14,47136080000.0,0.0,1.083727,0.93,http://www.sec.gov/cgi-bin/browse-edgar?action=getcompany&CIK=PRU,Yes
PEG,Public Serv. Enterprise Inc.,Utilities,46.73,16.11,3.60587,1.75,41.67,53.28,24138050331.0,3613000000.0,3.4491453,1.88,http://www.sec.gov/cgi-bin/browse-edgar?action=getcompany&CIK=PEG,Yes
PSA,Public Storage,Real Estate,180.49,18.21,4.316159,6.81,180.9254,232.21,32258539942.0,1924803000.0,16.16417,6.56,http://www.sec.gov/cgi-bin/browse-edgar?action=getcompany&CIK=PSA,Yes
PHM,Pulte Homes Inc.,Consumer Discretionary,28.67,12.86,1.2036108,1.44,21.06,35.21,8792572352.0,992811000.0,1.0341544,1.99,http://www.sec.gov/cgi-bin/browse-edgar?action=getcompany&CIK=PHM,Yes
PVH,PVH Corp.,Consumer Discretionary,142.68,20.98,0.100529455,6.77,84.53,157.96,11478625926.0,1057500000.0,1.7617522,2.14,http://www.sec.gov/cgi-bin/browse-edgar?action=getcompany&CIK=PVH,Yes
QRVO,Qorvo,Information Technology,76.85,19.71,0.0,-0.13,62.68,85.24,9877885146.0,806875000.0,3.389142,1.98,http://www.sec.gov/cgi-bin/browse-edgar?action=getcompany&CIK=QRVO,No
QCOM,QUALCOMM Inc.,Information Technology,62.42,16.51,3.5055351,1.65,48.92,69.28,96282828902.0,4191000000.0,4.263658,3.82,http://www.sec.gov/cgi-bin/browse-edgar?action=getcompany&CIK=QCOM,Yes
PWR,Quanta Services Inc.,Industrials,33.51,17.54,0.0,1.28,30.23,40.105,5330131216.0,649404000.0,0.77893436,1.43,http://www.sec.gov/cgi-bin/browse-edgar?action=getcompany&CIK=PWR,No
DGX,Quest Diagnostics,Health Care,96.42,17.07,1.9884669,5.5,90.1,112.965,13578300000.0,1453000000.0,1.7709883,2.82,http://www.sec.gov/cgi-bin/browse-edgar?action=getcompany&CIK=DGX,Yes
RRC,Range Resources Corp.,Energy,12.82,35.61,0.6097561,-2.79,12.7,34.09,3255587970.0,820095000.0,1.9624339,0.59,http://www.sec.gov/cgi-bin/browse-edgar?action=getcompany&CIK=RRC,Yes
RJF,Raymond James Financial Inc.,Financials,86.06,16.94,1.0982976,4.12,71.35,99.1,13216271700.0,0.0,1.9734555,2.34,http://www.sec.gov/cgi-bin/browse-edgar?action=getcompany&CIK=RJF,Yes
RTN,Raytheon Co.,Industrials,198.74,25.78,1.5612764,6.95,147.86,213.45,59066255840.0,3868000000.0,2.2938328,5.28,http://www.sec.gov/cgi-bin/browse-edgar?action=getcompany&CIK=RTN,Yes
O,Realty Income Corporation,Real Estate,47.56,15.54,5.372036,1.12,48.89,63.6,13784942453.0,1075568000.0,15.588069,1.92,http://www.sec.gov/cgi-bin/browse-edgar?action=getcompany&CIK=O,Yes
RHT,Red Hat Inc.,Information Technology,124.65,79.9,0.0,1.68,78.48,135.77,22799923883.0,541809000.0,8.202077,15.69,http://www.sec.gov/cgi-bin/browse-edgar?action=getcompany&CIK=RHT,No
REG,Regency Centers Corporation,Real Estate,55.58,15.27,3.6850338,1.43,56.66,72.05,9858367494.0,487636000.0,13.762162,1.51,http://www.sec.gov/cgi-bin/browse-edgar?action=getcompany&CIK=REG,Yes
REGN,Regeneron,Health Care,322.62,27.93,0.0,7.74,319.5,543.5518,35950369241.0,2043160000.0,8.48541,5.89,http://www.sec.gov/cgi-bin/browse-edgar?action=getcompany&CIK=REGN,No
RF,Regions Financial Corp.,Financials,17.9,17.9,1.8987342,1.0,13.0,19.9,21500640000.0,0.0,3.474771,1.32,http://www.sec.gov/cgi-bin/browse-edgar?action=getcompany&CIK=RF,Yes
RSG,Republic Services Inc,Industrials,62.72,26.13,2.1362228,1.77,57.53,69.4,21590903863.0,2734000000.0,2.8841186,2.83,http://www.sec.gov/cgi-bin/browse-edgar?action=getcompany&CIK=RSG,Yes
RMD,ResMed,Health Care,89.26,31.54,1.5120423,2.41,67.04,104.78,13233622689.0,636942000.0,6.1640687,6.61,http://www.sec.gov/cgi-bin/browse-edgar?action=getcompany&CIK=RMD,Yes
RHI,Robert Half International,Industrials,52.26,20.18,1.7075773,2.32,42.92,60.59,7047165475.0,565196000.0,1.3330402,5.98,http://www.sec.gov/cgi-bin/browse-edgar?action=getcompany&CIK=RHI,Yes
ROK,Rockwell Automation Inc.,Industrials,178.73,26.48,1.7692552,6.35,147.67,210.72,24123216432.0,1323200000.0,3.760594,10.94,http://www.sec.gov/cgi-bin/browse-edgar?action=getcompany&CIK=ROK,Yes
COL,Rockwell Collins,Industrials,133.31,22.29,0.9748892,4.8,89.9,139.63,22197870556.0,1696000000.0,3.781273,3.46,http://www.sec.gov/cgi-bin/browse-edgar?action=getcompany&CIK=COL,Yes
ROP,Roper Technologies,Industrials,259.4,27.57,0.61985797,9.38,191.22,290.415,27247789759.0,1555209000.0,5.9715905,4.23,http://www.sec.gov/cgi-bin/browse-edgar?action=getcompany&CIK=ROP,Yes
ROST,Ross Stores,Consumer Discretionary,75.06,26.52,0.82061803,2.83,52.85,85.66,29803566306.0,2247009000.0,2.9734495,10.28,http://www.sec.gov/cgi-bin/browse-edgar?action=getcompany&CIK=ROST,Yes
RCL,Royal Caribbean Cruises Ltd,Consumer Discretionary,122.45,16.26,1.8674136,7.53,93.4,135.65,27418147452.0,2876309000.0,3.1026611,2.56,http://www.sec.gov/cgi-bin/browse-edgar?action=getcompany&CIK=RCL,Yes
SPGI,"S&P Global, Inc.",Financials,173.31,27.38,1.0947506,7.95,124.64,185.38,46585950000.0,3021000000.0,10.254704,50.56,http://www.sec.gov/cgi-bin/browse-edgar?action=getcompany&CIK=SPGI,Yes
CRM,Salesforce.com,Information Technology,104.03,520.15,0.0,0.27,79.63,114.52,79489115000.0,925804000.0,10.3738785,8.81,http://www.sec.gov/cgi-bin/browse-edgar?action=getcompany&CIK=CRM,No
SBAC,SBA Communications,Real Estate,159.85,199.81,0.0,0.62,103.51,177.67,19572031314.0,1074240000.0,15.189207,91.04,http://www.sec.gov/cgi-bin/browse-edgar?action=getcompany&CIK=SBAC,No
SCG,SCANA Corp,Utilities,35.6,8.75,6.6830335,4.16,35.31,71.28,5229448882.0,1459000000.0,1.651705,0.92,http://www.sec.gov/cgi-bin/browse-edgar?action=getcompany&CIK=SCG,Yes
SLB,Schlumberger Ltd.,Energy,67.4,44.93,2.8673835,-1.08,61.02,82.71,96529311126.0,3222000000.0,3.2297828,2.64,http://www.sec.gov/cgi-bin/browse-edgar?action=getcompany&CIK=SLB,Yes
SNI,Scripps Networks Interactive Inc.,Consumer Discretionary,86.46,16.04,1.3761468,5.18,64.87,88.87,11328642413.0,1351059000.0,4.374079,4.22,http://www.sec.gov/cgi-bin/browse-edgar?action=getcompany&CIK=SNI,Yes
STX,Seagate Technology,Information Technology,47.44,11.51,5.085772,2.58,30.6,56.45,14113197720.0,1811000000.0,1.3048558,13.33,http://www.sec.gov/cgi-bin/browse-edgar?action=getcompany&CIK=STX,Yes
SEE,Sealed Air,Materials,42.62,21.31,1.4427412,2.46,41.22,50.62,8001938397.0,969700000.0,2.4700067,10.55,http://www.sec.gov/cgi-bin/browse-edgar?action=getcompany&CIK=SEE,Yes
SRE,Sempra Energy,Utilities,103.36,19.14,3.1607263,5.45,100.63,122.975,26163862235.0,3763000000.0,3.15303,1.98,http://www.sec.gov/cgi-bin/browse-edgar?action=getcompany&CIK=SRE,Yes
SHW,Sherwin-Williams,Materials,387.65,26.75,0.8426688,18.61,302.0101,435.15,37730994828.0,2160668000.0,2.5276077,13.42,http://www.sec.gov/cgi-bin/browse-edgar?action=getcompany&CIK=SHW,Yes
SIG,Signet Jewelers,Consumer Discretionary,49.38,6.65,2.4730754,7.03,46.09,77.94,3034275549.0,852700000.0,0.7564699,1.38,http://www.sec.gov/cgi-bin/browse-edgar?action=getcompany&CIK=SIG,Yes
SPG,Simon Property Group Inc,Real Estate,152.18,13.56,5.0368075,6.25,150.15,187.35,48139839531.0,4411515000.0,8.754495,13.24,http://www.sec.gov/cgi-bin/browse-edgar?action=getcompany&CIK=SPG,Yes
SWKS,Skyworks Solutions,Information Technology,99.04,16.45,1.2629502,5.41,90.53,117.65,18493080922.0,1122900000.0,6.9704437,4.25,http://www.sec.gov/cgi-bin/browse-edgar?action=getcompany&CIK=SWKS,Yes
SLG,SL Green Realty,Real Estate,90.61,14.07,3.4998922,0.88,91.2,115.34,8617714345.0,795889000.0,6.5820084,1.32,http://www.sec.gov/cgi-bin/browse-edgar?action=getcompany&CIK=SLG,Yes
SNA,Snap-On Inc.,Consumer Discretionary,156.72,15.81,1.968433,9.2,140.83,185.47,9499107736.0,982200000.0,3.5114813,3.21,http://www.sec.gov/cgi-bin/browse-edgar?action=getcompany&CIK=SNA,Yes
SO,Southern Co.,Utilities,43.4,15.78,5.3530226,2.53,42.63,53.51,43497224128.0,6012000000.0,2.5080602,1.82,http://www.sec.gov/cgi-bin/browse-edgar?action=getcompany&CIK=SO,Yes
LUV,Southwest Airlines,Industrials,55.63,15.89,0.863707,5.82,49.76,66.985,34351211637.0,4533000000.0,1.6294897,3.84,http://www.sec.gov/cgi-bin/browse-edgar?action=getcompany&CIK=LUV,Yes
SWK,Stanley Black & Decker,Consumer Discretionary,152.86,20.57,1.5775635,8.05,121.09,176.62,24496399600.0,2264600000.0,1.944325,3.34,http://www.sec.gov/cgi-bin/browse-edgar?action=getcompany&CIK=SWK,Yes
SBUX,Starbucks Corp.,Consumer Discretionary,53.77,25.98,2.203452,1.97,52.58,64.87,76548976000.0,7361500000.0,3.4392443,13.36,http://www.sec.gov/cgi-bin/browse-edgar?action=getcompany&CIK=SBUX,Yes
STT,State Street Corp.,Financials,98.54,15.35,1.6228749,5.23,75.27,114.27,38059113300.0,0.0,3.263072,1.95,http://www.sec.gov/cgi-bin/browse-edgar?action=getcompany&CIK=STT,Yes
SRCL,Stericycle Inc,Industrials,70.55,16.26,0.0,2.08,61.25,88.0,6218560288.0,305085000.0,2.2607324,2.15,http://www.sec.gov/cgi-bin/browse-edgar?action=getcompany&CIK=SRCL,No
SYK,Stryker Corp.,Health Care,148.01,23.46,1.2234008,2.68,122.01,170.0,57509096756.0,2863000000.0,4.635566,5.54,http://www.sec.gov/cgi-bin/browse-edgar?action=getcompany&CIK=SYK,Yes
STI,SunTrust Banks,Financials,65.8,16.25,2.3185046,4.48,51.96,72.06,32498948310.0,0.0,3.3089445,1.38,http://www.sec.gov/cgi-bin/browse-edgar?action=getcompany&CIK=STI,Yes
SYMC,Symantec Corp.,Information Technology,25.59,39.37,1.1286682,-0.17,25.65,34.2,16520497264.0,1227000000.0,3.5516493,3.36,http://www.sec.gov/cgi-bin/browse-edgar?action=getcompany&CIK=SYMC,Yes
SYF,Synchrony Financial,Financials,34.98,13.35,1.6,2.41,26.01,40.59,28893750000.0,0.0,2.1096623,1.97,http://www.sec.gov/cgi-bin/browse-edgar?action=getcompany&CIK=SYF,Yes
SNPS,Synopsys Inc.,Information Technology,82.62,67.72,0.0,0.87,64.75,94.8,12767067883.0,579844000.0,6.276264,3.98,http://www.sec.gov/cgi-bin/browse-edgar?action=getcompany&CIK=SNPS,No
SYY,Sysco Corp.,Consumer Staples,57.0,22.98,2.4644873,2.08,48.85,64.27,30445320778.0,2988725000.0,0.7295535,13.4,http://www.sec.gov/cgi-bin/browse-edgar?action=getcompany&CIK=SYY,Yes
TROW,T. Rowe Price Group,Financials,101.99,19.92,2.140443,4.75,66.7,120.07,25810865035.0,2281400000.0,7.3911157,4.61,http://www.sec.gov/cgi-bin/browse-edgar?action=getcompany&CIK=TROW,Yes
TGT,Target Corp.,Consumer Discretionary,71.11,14.19,3.3856654,4.71,48.56,78.7,39816696539.0,7105000000.0,0.8047394,3.45,http://www.sec.gov/cgi-bin/browse-edgar?action=getcompany&CIK=TGT,Yes
TEL,TE Connectivity Ltd.,Information Technology,95.27,19.72,1.6062645,4.71,71.93,108.23,34983666316.0,2797000000.0,2.5734365,3.6,http://www.sec.gov/cgi-bin/browse-edgar?action=getcompany&CIK=TEL,Yes
FTI,TechnipFMC,Energy,29.1,18.77,1.7060367,0.0,24.53,35.0,14163064455.0,540167833.42,1.561575,1.06,http://www.sec.gov/cgi-bin/browse-edgar?action=getcompany&CIK=FTI,Yes
TXN,Texas Instruments,Information Technology,97.66,24.05,2.4318495,3.6,74.52,120.75,100262526470.0,7013000000.0,6.9572234,9.32,http://www.sec.gov/cgi-bin/browse-edgar?action=getcompany&CIK=TXN,Yes
TXT,Textron Inc.,Industrials,55.54,22.13,0.1381454,1.14,45.0,62.19,15254672353.0,1454000000.0,1.0645695,2.57,http://www.sec.gov/cgi-bin/browse-edgar?action=getcompany&CIK=TXT,Yes
BK,The Bank of New York Mellon Corp.,Financials,53.29,14.76,1.7347307,3.73,44.91,58.99,56083904906.0,0.0,3.3834257,1.49,http://www.sec.gov/cgi-bin/browse-edgar?action=getcompany&CIK=BK,Yes
CLX,The Clorox Company,Consumer Staples,127.76,23.44,2.6286967,5.33,124.09,150.4,16540418002.0,1295000000.0,2.798683,21.62,http://www.sec.gov/cgi-bin/browse-edgar?action=getcompany&CIK=CLX,Yes
COO,The Cooper Companies,Health Care,223.17,22.96,0.026033757,7.52,187.02,256.39,11297958140.0,615700000.0,6.8538465,3.57,http://www.sec.gov/cgi-bin/browse-edgar?action=getcompany&CIK=COO,Yes
HSY,The Hershey Company,Consumer Staples,97.65,20.51,2.6494346,3.66,98.851,116.49,20867272020.0,1404123000.0,2.8396711,25.64,http://www.sec.gov/cgi-bin/browse-edgar?action=getcompany&CIK=HSY,Yes
MOS,The Mosaic Company,Materials,24.13,23.66,0.3960396,0.85,19.23,34.36,9726962131.0,1165100000.0,1.8161958,0.94,http://www.sec.gov/cgi-bin/browse-edgar?action=getcompany&CIK=MOS,Yes
TRV,The Travelers Companies Inc.,Financials,135.01,16.48,2.0261714,7.31,113.76,150.55,38903131815.0,0.0,1.33382,1.63,http://www.sec.gov/cgi-bin/browse-edgar?action=getcompany&CIK=TRV,Yes
DIS,The Walt Disney Company,Consumer Discretionary,101.35,17.78,1.6036655,5.7,96.2,116.1,157817273295.0,12544000000.0,3.9635563,3.82,http://www.sec.gov/cgi-bin/browse-edgar?action=getcompany&CIK=DIS,Yes
TMO,Thermo Fisher Scientific,Health Care,198.73,21.84,0.3276319,5.6,151.69,226.44,83226586345.0,4751300000.0,4.015666,3.38,http://www.sec.gov/cgi-bin/browse-edgar?action=getcompany&CIK=TMO,Yes
TIF,Tiffany & Co.,Consumer Discretionary,99.62,27.0,1.9402406,3.55,77.93,111.44,12810515320.0,949500000.0,4.516748,3.97,http://www.sec.gov/cgi-bin/browse-edgar?action=getcompany&CIK=TIF,Yes
TWX,Time Warner Inc.,Consumer Discretionary,93.02,15.35,1.6927768,6.62,85.88,103.9,74185800000.0,7671000000.0,2.3735986,2.73,http://www.sec.gov/cgi-bin/browse-edgar?action=getcompany&CIK=TWX,Yes
TJX,TJX Companies Inc.,Consumer Discretionary,74.36,21.01,1.64042,3.46,66.44,81.46,48181450881.0,4600216000.0,1.9293598,10.35,http://www.sec.gov/cgi-bin/browse-edgar?action=getcompany&CIK=TJX,Yes
TMK,Torchmark Corp.,Financials,80.52,17.02,0.7204611,4.5,73.53,93.595,9614412169.0,0.0,3.1079664,1.88,http://www.sec.gov/cgi-bin/browse-edgar?action=getcompany&CIK=TMK,Yes
TSS,Total System Services,Information Technology,81.17,25.85,0.6091133,3.16,50.96,89.92,15694951118.0,1097534000.0,3.175548,6.57,http://www.sec.gov/cgi-bin/browse-edgar?action=getcompany&CIK=TSS,Yes
TSCO,Tractor Supply Company,Consumer Discretionary,65.94,19.57,1.6030874,3.3,49.87,82.68,8459271203.0,859519000.0,1.1642125,6.01,http://www.sec.gov/cgi-bin/browse-edgar?action=getcompany&CIK=TSCO,Yes
TRIP,TripAdvisor,Consumer Discretionary,40.05,58.04,0.0,0.81,29.5,53.29,5700998508.0,234000000.0,4.5925775,3.49,http://www.sec.gov/cgi-bin/browse-edgar?action=getcompany&CIK=TRIP,No
FOXA,Twenty-First Century Fox Class A,Consumer Discretionary,34.56,17.81,0.9983361,1.59,24.81,39.135,44027094922.0,5280000000.0,2.1080317,4.11,http://www.sec.gov/cgi-bin/browse-edgar?action=getcompany&CIK=FOXA,Yes
FOX,Twenty-First Century Fox Class B,Consumer Discretionary,34.09,17.57,1.0084034,1.59,24.3,38.56,66135313503.0,5280000000.0,3.1654842,4.04,http://www.sec.gov/cgi-bin/browse-edgar?action=getcompany&CIK=FOX,Yes
TSN,Tyson Foods,Consumer Staples,73.92,13.92,1.6353229,4.79,57.2,84.65,26957526800.0,2521000000.0,0.93730986,2.55,http://www.sec.gov/cgi-bin/browse-edgar?action=getcompany&CIK=TSN,Yes
USB,U.S. Bancorp,Financials,52.65,15.35,2.189781,3.52,49.535,58.5,90940115897.0,0.0,3.7773547,2.09,http://www.sec.gov/cgi-bin/browse-edgar?action=getcompany&CIK=USB,Yes
UDR,UDR Inc,Real Estate,32.92,17.79,3.668639,1.08,33.31,40.71,9050154422.0,665141000.0,12.365829,3.27,http://www.sec.gov/cgi-bin/browse-edgar?action=getcompany&CIK=UDR,Yes
ULTA,Ulta Salon Cosmetics & Fragrance Inc,Consumer Discretionary,209.09,32.07,0.0,6.52,187.96,314.86,13300000127.0,1002093000.0,3.3779113,8.04,http://www.sec.gov/cgi-bin/browse-edgar?action=getcompany&CIK=ULTA,No
UAA,Under Armour Class A,Consumer Discretionary,13.14,32.05,0.0,0.45,11.4,23.46,5856913571.0,399277000.0,1.602308,2.72,http://www.sec.gov/cgi-bin/browse-edgar?action=getcompany&CIK=UAA,No
UA,Under Armour Class C,Consumer Discretionary,11.95,29.15,0.0,0.45,10.36,21.805,5366628950.0,399277000.0,1.4738787,2.5,http://www.sec.gov/cgi-bin/browse-edgar?action=getcompany&CIK=UA,No
UAL,United Continental Holdings,Industrials,63.37,8.85,0.0,7.05,56.51,83.04,19363059152.0,5929000000.0,0.5020496,2.09,http://www.sec.gov/cgi-bin/browse-edgar?action=getcompany&CIK=UAL,No
UNH,United Health Group Inc.,Health Care,216.46,21.47,1.3284917,10.71,156.49,250.79,218834811333.0,17454000000.0,1.0903316,4.71,http://www.sec.gov/cgi-bin/browse-edgar?action=getcompany&CIK=UNH,Yes
UPS,United Parcel Service,Industrials,109.28,18.27,2.9666696,5.62,102.12,135.53,96436356833.0,7919000000.0,1.4744618,64.7,http://www.sec.gov/cgi-bin/browse-edgar?action=getcompany&CIK=UPS,Yes
URI,"United Rentals, Inc.",Industrials,161.99,16.33,0.0,15.72,100.621,189.0,14654954091.0,2760000000.0,2.1782618,4.53,http://www.sec.gov/cgi-bin/browse-edgar?action=getcompany&CIK=URI,No
UTX,United Technologies,Industrials,127.48,19.26,2.1216943,5.7,107.05,139.24,105387272474.0,10584000000.0,1.7324123,3.4,http://www.sec.gov/cgi-bin/browse-edgar?action=getcompany&CIK=UTX,Yes
UHS,"Universal Health Services, Inc.",Health Care,114.87,15.36,0.34153005,7.14,95.26,129.74,11116075286.0,1676204000.0,1.3158662,2.21,http://www.sec.gov/cgi-bin/browse-edgar?action=getcompany&CIK=UHS,Yes
UNM,Unum Group,Financials,47.87,11.51,1.8189007,4.38,43.55,58.73,11256432318.0,0.0,0.9984924,1.19,http://www.sec.gov/cgi-bin/browse-edgar?action=getcompany&CIK=UNM,Yes
VFC,V.F. Corp.,Consumer Discretionary,78.75,25.9,2.2865665,2.55,48.05,82.95,31797645904.0,1624441000.0,3.7110944,7.89,http://www.sec.gov/cgi-bin/browse-edgar?action=getcompany&CIK=VFC,Yes
VLO,Valero Energy,Energy,86.77,18.74,3.5618877,9.24,60.69,99.95,39312309113.0,5401000000.0,0.4211918,1.93,http://www.sec.gov/cgi-bin/browse-edgar?action=getcompany&CIK=VLO,Yes
VAR,Varian Medical Systems,Health Care,112.82,29.93,0.0,2.69,77.73,130.29,10692681720.0,500600000.0,3.9652252,7.32,http://www.sec.gov/cgi-bin/browse-edgar?action=getcompany&CIK=VAR,No
VTR,Ventas Inc,Real Estate,50.92,12.21,5.965641,1.86,51.8,72.36,18865999082.0,1935931000.0,7.0740495,1.76,http://www.sec.gov/cgi-bin/browse-edgar?action=getcompany&CIK=VTR,Yes
VRSN,Verisign Inc.,Information Technology,105.62,29.5,0.0,3.43,81.17,118.28,10754983829.0,767864000.0,12.401829,10.82,http://www.sec.gov/cgi-bin/browse-edgar?action=getcompany&CIK=VRSN,No
VRSK,Verisk Analytics,Industrials,92.28,28.84,0.0,3.45,75.6,100.54,15594677147.0,1011200000.0,9.935474,9.34,http://www.sec.gov/cgi-bin/browse-edgar?action=getcompany&CIK=VRSK,No
VZ,Verizon Communications,Telecommunication Services,49.04,13.08,4.626544,7.36,42.8,54.77,208092277044.0,45745000000.0,1.6452544,7.96,http://www.sec.gov/cgi-bin/browse-edgar?action=getcompany&CIK=VZ,Yes
VRTX,Vertex Pharmaceuticals Inc,Health Care,151.6,252.67,0.0,1.04,84.39,174.955,39369386348.0,97562000.0,16.185404,21.91,http://www.sec.gov/cgi-bin/browse-edgar?action=getcompany&CIK=VRTX,No
VIAB,Viacom Inc.,Consumer Discretionary,32.71,8.68,2.622091,4.68,22.13,46.72,10601008017.0,5600000000.0,1.0924768,2.08,http://www.sec.gov/cgi-bin/browse-edgar?action=getcompany&CIK=VIAB,Yes
V,Visa Inc.,Information Technology,113.86,32.72,0.70204765,2.8,84.88,126.88,270038723213.0,13086000000.0,14.433654,9.4,http://www.sec.gov/cgi-bin/browse-edgar?action=getcompany&CIK=V,Yes
VNO,Vornado Realty Trust,Real Estate,66.18,16.22,3.744428,4.33,66.0101,111.72,12778779911.0,0.0,7.1491003,3.63,http://www.sec.gov/cgi-bin/browse-edgar?action=getcompany&CIK=VNO,Yes
VMC,Vulcan Materials,Materials,121.47,40.9,0.7797879,3.1,108.95,141.2,16964162228.0,970976000.0,5.7576876,3.54,http://www.sec.gov/cgi-bin/browse-edgar?action=getcompany&CIK=VMC,Yes
WMT,Wal-Mart Stores,Consumer Staples,100.02,23.1,1.983471,4.39,66.89,109.98,304680931618.0,30721000000.0,0.82099426,3.89,http://www.sec.gov/cgi-bin/browse-edgar?action=getcompany&CIK=WMT,Yes
WBA,Walgreens Boots Alliance,Consumer Staples,68.22,13.38,2.2368238,3.78,63.82,88.0,70862541911.0,7083000000.0,0.5904388,3.06,http://www.sec.gov/cgi-bin/browse-edgar?action=getcompany&CIK=WBA,Yes
WM,Waste Management Inc.,Industrials,79.12,25.36,2.0800195,2.66,69.55,89.73,35488486675.0,3896000000.0,3.2787669,6.73,http://www.sec.gov/cgi-bin/browse-edgar?action=getcompany&CIK=WM,Yes
WAT,Waters Corporation,Health Care,191.79,26.64,0.0,0.19,145.94,220.2,16064078572.0,773932000.0,6.9824114,6.15,http://www.sec.gov/cgi-bin/browse-edgar?action=getcompany&CIK=WAT,No
WEC,Wec Energy Group Inc,Utilities,59.5,19.57,3.691948,3.79,56.63,70.09,18890296993.0,2736500000.0,2.4834197,2.1,http://www.sec.gov/cgi-bin/browse-edgar?action=getcompany&CIK=WEC,Yes
WFC,Wells Fargo,Financials,55.4,13.58,2.7111576,4.07,49.27,66.31,281463620775.0,0.0,2.8728192,1.58,http://www.sec.gov/cgi-bin/browse-edgar?action=getcompany&CIK=WFC,Yes
HCN,Welltower Inc.,Real Estate,54.67,12.74,6.1538463,2.81,55.29,78.17,20943679019.0,1908253000.0,6.725218,1.49,http://www.sec.gov/cgi-bin/browse-edgar?action=getcompany&CIK=HCN,Yes
WDC,Western Digital,Information Technology,80.09,10.19,2.389201,1.29,71.38,95.77,24760297793.0,5169000000.0,1.245503,2.0,http://www.sec.gov/cgi-bin/browse-edgar?action=getcompany&CIK=WDC,Yes
WU,Western Union Co,Information Technology,18.81,10.17,3.5915854,0.51,18.39,22.21,8951609207.0,694600000.0,2.22677,12.65,http://www.sec.gov/cgi-bin/browse-edgar?action=getcompany&CIK=WU,Yes
WRK,WestRock Company,Materials,60.93,23.26,2.6699784,2.77,49.23,71.55,16433340688.0,2262300000.0,1.075785,1.58,http://www.sec.gov/cgi-bin/browse-edgar?action=getcompany&CIK=WRK,Yes
WY,Weyerhaeuser Corp.,Real Estate,33.6,34.29,3.7079954,0.77,30.9504,37.89,26070297960.0,1365000000.0,3.6396794,2.9,http://www.sec.gov/cgi-bin/browse-edgar?action=getcompany&CIK=WY,Yes
WHR,Whirlpool Corp.,Consumer Discretionary,164.95,11.77,2.5652986,4.51,158.8,202.99,12177920000.0,1842000000.0,0.58064795,2.57,http://www.sec.gov/cgi-bin/browse-edgar?action=getcompany&CIK=WHR,Yes
WMB,Williams Cos.,Energy,28.56,48.41,4.0,-0.57,26.8188,33.67,24802396470.0,3955000000.0,4.2982845,3.01,http://www.sec.gov/cgi-bin/browse-edgar?action=getcompany&CIK=WMB,Yes
WLTW,Willis Towers Watson,Financials,152.36,18.67,1.347058,3.07,120.869,165.0,20780269334.0,1440000000.0,3.4484663,2.1,http://www.sec.gov/cgi-bin/browse-edgar?action=getcompany&CIK=WLTW,Yes
WYN,Wyndham Worldwide,Consumer Discretionary,113.56,18.77,1.9541779,5.53,80.11,127.96,11993835688.0,1232000000.0,2.7332082,18.91,http://www.sec.gov/cgi-bin/browse-edgar?action=getcompany&CIK=WYN,Yes
WYNN,Wynn Resorts Ltd,Consumer Discretionary,169.28,31.7,1.1279043,7.27,92.67,203.63,18225400525.0,1501301000.0,2.478658,51.69,http://www.sec.gov/cgi-bin/browse-edgar?action=getcompany&CIK=WYNN,Yes
XEL,Xcel Energy Inc,Utilities,42.44,18.14,3.3914273,2.21,41.16,52.22,21559611927.0,3885828000.0,2.520456,1.94,http://www.sec.gov/cgi-bin/browse-edgar?action=getcompany&CIK=XEL,Yes
XRX,Xerox Corp.,Information Technology,29.8,8.87,3.207184,0.59,26.64,37.42,7938833340.0,1191000000.0,0.7877656,1.49,http://www.sec.gov/cgi-bin/browse-edgar?action=getcompany&CIK=XRX,Yes
XLNX,Xilinx Inc,Information Technology,62.82,27.19,2.0904882,2.32,54.99,77.26,17064975551.0,845468000.0,7.101206,7.22,http://www.sec.gov/cgi-bin/browse-edgar?action=getcompany&CIK=XLNX,Yes
XL,XL Capital,Financials,41.26,-19.93,2.0952382,-2.24,33.77,47.27,10753423590.0,0.0,0.84394187,0.97,http://www.sec.gov/cgi-bin/browse-edgar?action=getcompany&CIK=XL,Yes
XYL,Xylem Inc.,Industrials,70.24,30.94,1.1700794,1.83,46.86,76.81,12915021000.0,722000000.0,2.7262094,5.31,http://www.sec.gov/cgi-bin/browse-edgar?action=getcompany&CIK=XYL,Yes
YUM,Yum! Brands Inc,Consumer Discretionary,76.3,27.25,1.7970798,4.07,62.85,86.93,27003303098.0,2289000000.0,6.3136363,212.08,http://www.sec.gov/cgi-bin/browse-edgar?action=getcompany&CIK=YUM,Yes
ZBH,Zimmer Biomet Holdings,Health Care,115.53,14.32,0.7948336,9.01,108.17,133.49,24454698119.0,2007400000.0,3.1648953,2.39,http://www.sec.gov/cgi-bin/browse-edgar?action=getcompany&CIK=ZBH,Yes
ZION,Zions Bancorp,Financials,50.71,17.73,1.480933,2.6,38.43,55.61,10670678640.0,0.0,3.7945793,1.42,http://www.sec.gov/cgi-bin/browse-edgar?action=getcompany&CIK=ZION,Yes
ZTS,Zoetis,Health Care,71.51,32.8,0.68237203,1.65,52.0,80.13,35991109776.0,1734000000.0,9.280896,18.09,http://www.sec.gov/cgi-bin/browse-edgar?action=getcompany&CIK=ZTS,Yes
